{
  "view/filterinterface.view.xml": 1727688337647,
  "controller/App.controller.js": 1727688337647,
  "controller/filterinterface.controller.js": 1727688337647,
  "controller/detailPage.controller.js": 1727688337647,
  "model/models.js": 1727688337647,
  "manifest.json": 1727697492553,
  "Component.js": 1727688337647,
  "controller/detailPage-dbg.controller.js": 1727688337647,
  "controller/detailPage.controller.js.map": 1727697492761,
  "controller/filterinterface-dbg.controller.js": 1727688337647,
  "controller/filterinterface.controller.js.map": 1727697492819,
  "controller/App-dbg.controller.js": 1727688337647,
  "controller/App.controller.js.map": 1727697492760,
  "model/models-dbg.js": 1727688337647,
  "model/models.js.map": 1727697492760,
  "Component-dbg.js": 1727688337647,
  "Component.js.map": 1727697492766,
  "Component-preload.js": 1727697493037,
  "Component-preload.js.map": 1727697493037,
  "i18n/i18n.properties": 1727688337647,
  "view/detailPage.view.xml": 1727688337647,
  "view/App.view.xml": 1727688337647,
  "fragments/streetAddress.fragment.xml": 1727688337647,
  "fragments/street.fragment.xml": 1727688337647,
  "fragments/custName.fragment.xml": 1727688337647,
  "fragments/connecObj.fragment.xml": 1727688337647,
  "fragments/approvedby.fragment.xml": 1727688337647,
  "css/style.css": 1727688337647,
  "index.html": 1727688337647
}