{
  "view/filterinterface.view.xml": 1727795092952,
  "Component.js": 1727688337647,
  "controller/filterinterface.controller.js": 1728031350668,
  "controller/detailPage.controller.js": 1727790668920,
  "controller/App.controller.js": 1727688337647,
  "manifest.json": 1728050105578,
  "model/models.js": 1727688337647,
  "controller/App-dbg.controller.js": 1727688337647,
  "controller/App.controller.js.map": 1728050105755,
  "controller/filterinterface-dbg.controller.js": 1728031350668,
  "controller/filterinterface.controller.js.map": 1728050105847,
  "controller/detailPage-dbg.controller.js": 1727790668920,
  "controller/detailPage.controller.js.map": 1728050105749,
  "Component-dbg.js": 1727688337647,
  "Component.js.map": 1728050105754,
  "model/models-dbg.js": 1727688337647,
  "model/models.js.map": 1728050105753,
  "Component-preload.js": 1728050105983,
  "Component-preload.js.map": 1728050105983,
  "i18n/i18n.properties": 1727688337647,
  "view/detailPage.view.xml": 1728026069422,
  "view/App.view.xml": 1727688337647,
  "css/style.css": 1727956059171,
  "fragments/streetAddress.fragment.xml": 1727774008639,
  "fragments/street.fragment.xml": 1727773988151,
  "fragments/custName.fragment.xml": 1727773998099,
  "fragments/connecObj.fragment.xml": 1727688337647,
  "fragments/approvedby.fragment.xml": 1727688337647,
  "index.html": 1727688337647
}