{
  "view/detailPage.view.xml": 1726123490376,
  "controller/App.controller.js": 1725872997226,
  "controller/filterinterface.controller.js": 1726130816405,
  "controller/detailPage.controller.js": 1726130879050,
  "model/models.js": 1725872997222,
  "manifest.json": 1726221960043,
  "Component.js": 1725872997214,
  "controller/App-dbg.controller.js": 1725872997226,
  "controller/App.controller.js.map": 1726221960259,
  "controller/filterinterface-dbg.controller.js": 1726130816405,
  "controller/filterinterface.controller.js.map": 1726221960293,
  "controller/detailPage-dbg.controller.js": 1726130879050,
  "controller/detailPage.controller.js.map": 1726221960261,
  "model/models-dbg.js": 1725872997222,
  "model/models.js.map": 1726221960255,
  "Component-dbg.js": 1725872997214,
  "Component.js.map": 1726221960260,
  "Component-preload.js": 1726221960486,
  "Component-preload.js.map": 1726221960486,
  "view/filterinterface.view.xml": 1726130433040,
  "i18n/i18n.properties": 1725873035962,
  "view/App.view.xml": 1725872997230,
  "fragments/connecObj.fragment.xml": 1726124170465,
  "fragments/approvedby.fragment.xml": 1726124228285,
  "css/style.css": 1725872997226,
  "index.html": 1725872997214
}