{
  "Component-preload.js.map": 1726748007596,
  "controller/App.controller.js": 1725872997226,
  "controller/filterinterface.controller.js": 1726744237500,
  "controller/detailPage.controller.js": 1726130879050,
  "model/models.js": 1725872997222,
  "manifest.json": 1726748007265,
  "Component.js": 1725872997214,
  "controller/filterinterface-dbg.controller.js": 1726744237500,
  "controller/filterinterface.controller.js.map": 1726748007472,
  "controller/App-dbg.controller.js": 1725872997226,
  "controller/App.controller.js.map": 1726748007441,
  "controller/detailPage-dbg.controller.js": 1726130879050,
  "controller/detailPage.controller.js.map": 1726748007439,
  "model/models-dbg.js": 1725872997222,
  "model/models.js.map": 1726748007421,
  "Component-dbg.js": 1725872997214,
  "Component.js.map": 1726748007424,
  "Component-preload.js": 1726748007596,
  "i18n/i18n.properties": 1726585363234,
  "view/filterinterface.view.xml": 1726744380912,
  "view/detailPage.view.xml": 1726123490376,
  "view/App.view.xml": 1725872997230,
  "css/style.css": 1726743134190,
  "fragments/connecObj.fragment.xml": 1726743183269,
  "fragments/approvedby.fragment.xml": 1726743192453,
  "index.html": 1725872997214
}