{
  "controller/App-dbg.controller.js": 1727688337647,
  "model/models.js": 1727688337647,
  "controller/filterinterface.controller.js": 1729489909598,
  "controller/detailPage.controller.js": 1729188622368,
  "controller/App.controller.js": 1727688337647,
  "manifest.json": 1729524271431,
  "Component.js": 1727688337647,
  "controller/filterinterface-dbg.controller.js": 1729489909598,
  "controller/filterinterface.controller.js.map": 1729524271776,
  "model/models-dbg.js": 1727688337647,
  "model/models.js.map": 1729524271661,
  "controller/detailPage-dbg.controller.js": 1729188622368,
  "controller/detailPage.controller.js.map": 1729524271681,
  "i18n/i18n.properties": 1729490054062,
  "controller/App.controller.js.map": 1729524271655,
  "Component-dbg.js": 1727688337647,
  "Component.js.map": 1729524271662,
  "Component-preload.js": 1729524271951,
  "Component-preload.js.map": 1729524271951,
  "view/filterinterface.view.xml": 1729489704127,
  "view/detailPage.view.xml": 1729490551819,
  "view/App.view.xml": 1727688337647,
  "fragments/streetAddress.fragment.xml": 1727774008639,
  "fragments/street.fragment.xml": 1727773988151,
  "fragments/custName.fragment.xml": 1727773998099,
  "fragments/connecObj.fragment.xml": 1727688337647,
  "fragments/approvedby.fragment.xml": 1727688337647,
  "fragments/TableSort.fragment.xml": 1728304692307,
  "css/style.css": 1727956059171,
  "index.html": 1729187803564
}