{
  "controller/filterinterface-dbg.controller.js": 1728923630773,
  "controller/detailPage.controller.js": 1729188622368,
  "controller/filterinterface.controller.js": 1728923630773,
  "model/models.js": 1727688337647,
  "controller/App.controller.js": 1727688337647,
  "manifest.json": 1729249093437,
  "Component.js": 1727688337647,
  "controller/detailPage-dbg.controller.js": 1729188622368,
  "controller/detailPage.controller.js.map": 1729249093624,
  "i18n/i18n.properties": 1729184252028,
  "controller/filterinterface.controller.js.map": 1729249093751,
  "model/models-dbg.js": 1727688337647,
  "model/models.js.map": 1729249093678,
  "controller/App-dbg.controller.js": 1727688337647,
  "controller/App.controller.js.map": 1729249093621,
  "Component-dbg.js": 1727688337647,
  "Component.js.map": 1729249093627,
  "Component-preload.js": 1729249093923,
  "Component-preload.js.map": 1729249093923,
  "view/filterinterface.view.xml": 1728907597266,
  "view/detailPage.view.xml": 1729188961807,
  "view/App.view.xml": 1727688337647,
  "fragments/streetAddress.fragment.xml": 1727774008639,
  "fragments/street.fragment.xml": 1727773988151,
  "fragments/custName.fragment.xml": 1727773998099,
  "fragments/connecObj.fragment.xml": 1727688337647,
  "fragments/approvedby.fragment.xml": 1727688337647,
  "fragments/TableSort.fragment.xml": 1728304692307,
  "css/style.css": 1727956059171,
  "index.html": 1729187803564
}