{
  "controller/App-dbg.controller.js": 1725872997226,
  "controller/detailPage.controller.js": 1726130879050,
  "controller/filterinterface.controller.js": 1727352854962,
  "model/models.js": 1725872997222,
  "controller/App.controller.js": 1725872997226,
  "manifest.json": 1727364795400,
  "Component.js": 1725872997214,
  "controller/detailPage-dbg.controller.js": 1726130879050,
  "controller/detailPage.controller.js.map": 1727364795594,
  "controller/filterinterface-dbg.controller.js": 1727352854962,
  "controller/filterinterface.controller.js.map": 1727364795648,
  "model/models-dbg.js": 1725872997222,
  "model/models.js.map": 1727364795589,
  "i18n/i18n.properties": 1726585363234,
  "controller/App.controller.js.map": 1727364795576,
  "Component-dbg.js": 1725872997214,
  "Component.js.map": 1727364795581,
  "Component-preload.js": 1727364795783,
  "Component-preload.js.map": 1727364795783,
  "view/filterinterface.view.xml": 1727263042778,
  "view/detailPage.view.xml": 1727337649562,
  "view/App.view.xml": 1725872997230,
  "fragments/connecObj.fragment.xml": 1726743183269,
  "fragments/approvedby.fragment.xml": 1726743192453,
  "css/style.css": 1727259952019,
  "index.html": 1725872997214
}