{
  "controller/detailPage.controller.js": 1726130879050,
  "i18n/i18n.properties": 1726585363234,
  "controller/filterinterface.controller.js": 1726587723265,
  "model/models.js": 1725872997222,
  "controller/App.controller.js": 1725872997226,
  "manifest.json": 1726597269576,
  "Component.js": 1725872997214,
  "controller/detailPage-dbg.controller.js": 1726130879050,
  "controller/detailPage.controller.js.map": 1726597269790,
  "controller/filterinterface-dbg.controller.js": 1726587723265,
  "controller/filterinterface.controller.js.map": 1726597269855,
  "model/models-dbg.js": 1725872997222,
  "model/models.js.map": 1726597269810,
  "controller/App-dbg.controller.js": 1725872997226,
  "controller/App.controller.js.map": 1726597269800,
  "Component-dbg.js": 1725872997214,
  "Component.js.map": 1726597269795,
  "Component-preload.js": 1726597270005,
  "Component-preload.js.map": 1726597270005,
  "view/filterinterface.view.xml": 1726591482707,
  "view/detailPage.view.xml": 1726123490376,
  "view/App.view.xml": 1725872997230,
  "fragments/connecObj.fragment.xml": 1726582714110,
  "fragments/approvedby.fragment.xml": 1726578966012,
  "css/style.css": 1726587897666,
  "index.html": 1725872997214
}