{
  "controller/filterinterface.controller.js": 1727795038203,
  "controller/detailPage.controller.js": 1727790668920,
  "i18n/i18n.properties": 1727688337647,
  "model/models.js": 1727688337647,
  "controller/App.controller.js": 1727688337647,
  "manifest.json": 1727812751274,
  "Component.js": 1727688337647,
  "controller/detailPage-dbg.controller.js": 1727790668920,
  "controller/detailPage.controller.js.map": 1727812751442,
  "controller/filterinterface-dbg.controller.js": 1727795038203,
  "controller/filterinterface.controller.js.map": 1727812751537,
  "model/models-dbg.js": 1727688337647,
  "model/models.js.map": 1727812751457,
  "controller/App-dbg.controller.js": 1727688337647,
  "controller/App.controller.js.map": 1727812751457,
  "Component-dbg.js": 1727688337647,
  "Component.js.map": 1727812751446,
  "Component-preload.js": 1727812751693,
  "Component-preload.js.map": 1727812751693,
  "view/filterinterface.view.xml": 1727795092952,
  "view/detailPage.view.xml": 1727794841413,
  "view/App.view.xml": 1727688337647,
  "fragments/streetAddress.fragment.xml": 1727774008639,
  "fragments/street.fragment.xml": 1727773988151,
  "fragments/custName.fragment.xml": 1727773998099,
  "fragments/connecObj.fragment.xml": 1727688337647,
  "fragments/approvedby.fragment.xml": 1727688337647,
  "css/style.css": 1727780917140,
  "index.html": 1727688337647
}