{
  "fragments/TableSort.fragment.xml": 1728304692307,
  "Component.js": 1727688337647,
  "controller/filterinterface.controller.js": 1728401382316,
  "controller/detailPage.controller.js": 1728310677169,
  "controller/App.controller.js": 1727688337647,
  "manifest.json": 1728404682671,
  "model/models.js": 1727688337647,
  "model/models-dbg.js": 1727688337647,
  "model/models.js.map": 1728404682968,
  "controller/filterinterface-dbg.controller.js": 1728401382316,
  "controller/filterinterface.controller.js.map": 1728404683079,
  "controller/detailPage-dbg.controller.js": 1728310677169,
  "controller/detailPage.controller.js.map": 1728404682969,
  "controller/App-dbg.controller.js": 1727688337647,
  "controller/App.controller.js.map": 1728404682969,
  "Component-dbg.js": 1727688337647,
  "Component.js.map": 1728404682974,
  "Component-preload.js": 1728404683387,
  "Component-preload.js.map": 1728404683387,
  "view/filterinterface.view.xml": 1728309770345,
  "view/detailPage.view.xml": 1728026069422,
  "view/App.view.xml": 1727688337647,
  "fragments/streetAddress.fragment.xml": 1727774008639,
  "fragments/street.fragment.xml": 1727773988151,
  "fragments/custName.fragment.xml": 1727773998099,
  "fragments/connecObj.fragment.xml": 1727688337647,
  "fragments/approvedby.fragment.xml": 1727688337647,
  "i18n/i18n.properties": 1727688337647,
  "css/style.css": 1727956059171,
  "index.html": 1727688337647
}