{
  "controller/detailPage.controller.js": 1729753445815,
  "controller/App.controller.js": 1727688337647,
  "controller/filterinterface.controller.js": 1729489909598,
  "i18n/i18n.properties": 1729490054062,
  "model/models.js": 1727688337647,
  "manifest.json": 1729764269862,
  "Component.js": 1727688337647,
  "model/models-dbg.js": 1727688337647,
  "model/models.js.map": 1729764270159,
  "controller/filterinterface-dbg.controller.js": 1729489909598,
  "controller/filterinterface.controller.js.map": 1729764270263,
  "controller/detailPage-dbg.controller.js": 1729753445815,
  "controller/detailPage.controller.js.map": 1729764270192,
  "controller/App-dbg.controller.js": 1727688337647,
  "controller/App.controller.js.map": 1729764270161,
  "Component-dbg.js": 1727688337647,
  "Component.js.map": 1729764270164,
  "Component-preload.js": 1729764270507,
  "Component-preload.js.map": 1729764270507,
  "view/filterinterface.view.xml": 1729753744550,
  "view/detailPage.view.xml": 1729753707833,
  "view/App.view.xml": 1727688337647,
  "css/style.css": 1729762034051,
  "fragments/streetAddress.fragment.xml": 1727774008639,
  "fragments/street.fragment.xml": 1727773988151,
  "fragments/custName.fragment.xml": 1727773998099,
  "fragments/connecObj.fragment.xml": 1727688337647,
  "fragments/approvedby.fragment.xml": 1727688337647,
  "fragments/TableSort.fragment.xml": 1728304692307,
  "index.html": 1729187803564
}