{
  "controller/filterinterface.controller.js": 1727451575199,
  "controller/detailPage.controller.js": 1726130879050,
  "i18n/i18n.properties": 1726585363234,
  "model/models.js": 1725872997222,
  "controller/App.controller.js": 1725872997226,
  "manifest.json": 1727687814936,
  "Component.js": 1725872997214,
  "controller/detailPage-dbg.controller.js": 1726130879050,
  "controller/detailPage.controller.js.map": 1727687815138,
  "controller/filterinterface-dbg.controller.js": 1727451575199,
  "controller/filterinterface.controller.js.map": 1727687815189,
  "model/models-dbg.js": 1725872997222,
  "model/models.js.map": 1727687815126,
  "controller/App-dbg.controller.js": 1725872997226,
  "controller/App.controller.js.map": 1727687815135,
  "Component-dbg.js": 1725872997214,
  "Component.js.map": 1727687815132,
  "Component-preload.js": 1727687815308,
  "Component-preload.js.map": 1727687815308,
  "view/filterinterface.view.xml": 1727451672656,
  "view/detailPage.view.xml": 1727337649562,
  "view/App.view.xml": 1725872997230,
  "fragments/streetAddress.fragment.xml": 1727444479719,
  "fragments/street.fragment.xml": 1727444431515,
  "fragments/custName.fragment.xml": 1727444442291,
  "fragments/connecObj.fragment.xml": 1726743183269,
  "fragments/approvedby.fragment.xml": 1726743192453,
  "css/style.css": 1727259952019,
  "index.html": 1725872997214
}