<core:FragmentDefinition xmlns="sap.m"
    xmlns:core="sap.ui.core" 
    xmlns:mvc="sap.ui.core.mvc" 
    xmlns:form="sap.ui.layout.form"
    xmlns:l="sap.ui.layout" 
    xmlns:f="sap.ui.layout.form" 
    xmlns:x="sap.uxap">
    
     <x:ObjectPageLayout id="ObjectPageLayout_CS" enableLazyLoading="true" useIconTabBar="false" showTitleInHeaderContent="true" upperCaseAnchorBar="false">
    <x:headerTitle>
      <x:ObjectPageDynamicHeaderTitle id="idDynamicHTitle_CS" visible="false"> 
      
      </x:ObjectPageDynamicHeaderTitle>
    </x:headerTitle>


    <x:sections> 

      <x:ObjectPageSection id="idPageSectionCustomerRec_CS" titleUppercase="false" title="{i18n>CS_Customer_rec}" visible="true">
        <x:subSections>
          <x:ObjectPageSubSection id="idCustomerSubSection_CS" titleUppercase="false">
            <x:blocks>
               <form:SimpleForm id="idRequestFormCustRec_CS" editable="true" layout="ResponsiveGridLayout" singleContainerFullSize="false"
                  columnsXL="3" columnsL="3" labelSpanXL="3" labelSpanL="4" labelSpanM="12" labelSpanS="12">
 
            <form:content>
            <core:Title id="idcoreTrecord1_CS"/>
            <Label id="idlblPSNo_CS" text="{i18n>psnum}"/>
            <Input id="idPSNo_CS" value="{oSpecialsjmodel>/pSNumber}"/>
            <Label id="idlblCompletionD_CS" text="{i18n>completionDate}" />
            <DatePicker id="idCompletionD_CS" value="{oSpecialsjmodel>/completionDate}" />
            <Label id="idlblWorkDesc_CS" text="{i18n>CS_WorkDesc}" />
            <Input id="idWorkDesc_CS" value="{oSpecialsjmodel>/work_desc}"/> 
            <Label id="idlblMeterNo_CS" text="{i18n>CS_MeterNo}"/>
            <Input id="idMeterNo_CS" value="{oSpecialsjmodel>/meter_number}" maxLength="18" />
            <Label id="idlblMeterNo2_CS" text="{i18n>CS_MeterNo2}"/>
            <Input id="idMeterNo2_CS" value="{oSpecialsjmodel>/meter_number2}" maxLength="18" />
            <Label id="idlblFedFrom_CS" text="{i18n>CS_FedFrom}"/>
            <Input id="idFedFrom_CS" value="{oSpecialsjmodel>/fedFrom}"/>

            <core:Title id="idcoreTrecord2_CS" /> 
            <Label id="idlblCableDesc_CS" text="{i18n>CS_cableDesc}"/> 
            <Input id="idCableDesc_CS" value="{oSpecialsjmodel>/cableDescription}"/>
            <Label id="idlblCableFootage_CS" text="{i18n>CS_cableFootage}"/>
            <Input id="idCableFootage_CS" value="{oSpecialsjmodel>/cableFootage}"/>
            <Label id="idlblCts_CS" text="{i18n>CS_cts}" />
            <Input id="idCts_CS" value="{oSpecialsjmodel>/cts}"/>
            <Label id="idlblPts_CS" text="{i18n>CS_pts}" />
            <Input id="idPts_CS" value="{oSpecialsjmodel>/pts}"/>
            <Label id="idlblK_CS" text="{i18n>CS_k}" />
            <Input id="idK_CS" value="{oSpecialsjmodel>/k}"/>
            <Label id="idlbM_CS" text="{i18n>CS_m}" />
            <Input id="idM_CS" value="{oSpecialsjmodel>/m}"/>
            
            <core:Title id="idcoreTrecord3_CS"  />
            <Label id="idlblDuctType_CS" text="{i18n>CS_DuctType}"/>
            <Input id="idDuctType_CS" value="{oSpecialsjmodel>/ductType}"/>
            <Label id="idlblFusesAt_CS" text="{i18n>CS_FusesAt}" />
            <Input id="idfusesAt_CS" value="{oSpecialsjmodel>/fusesAt}"/>
            <Label id="idlblSize_CS" text="{i18n>CS_Size}" />
            <Input id="idSize_CS" value="{oSpecialsjmodel>/size}"/>
            <Label id="idlblType_CS" text="{i18n>CS_Type}" />
            <Input id="idType_CS" value="{oSpecialsjmodel>/typeCR}"/>
            <Label id="idlblCurve_CS" text="{i18n>CS_Curve}" />
            <Input id="idCurve_CS" value="{oSpecialsjmodel>/curve}"/>
            <Label id="idlblVoltage_CS" text="{i18n>CS_Voltage}" />
            <Input id="idVoltage_CS" value="{oSpecialsjmodel>/voltage}"/>

              </form:content>
            </form:SimpleForm >
            </x:blocks>
          </x:ObjectPageSubSection>
        </x:subSections>
      </x:ObjectPageSection>


      <x:ObjectPageSection id="idPageSectionLBD_CS" titleUppercase="false" title="{i18n>CS_Load_Break_Disc}" visible="true">
        <x:subSections>
          <x:ObjectPageSubSection id="idLBDSubSection_CS" titleUppercase="false">
            <x:blocks>
               <form:SimpleForm id="rquestformLBD_CS" editable="true" layout="ResponsiveGridLayout" singleContainerFullSize="false" 
                                columnsXL="3" columnsL="3" labelSpanXL="3" labelSpanL="4" labelSpanM="12" labelSpanS="12">
            <form:content>
            <core:Title id="idcoreTLBD1_CS" />
            <Label id="idRadiobutton_CS" />
            <RadioButtonGroup id="idRadio1_CS" columns="5" >
            <RadioButton id="iddeCoOwned_CS" text="{i18n>CS_DTEOwned}" />
            <RadioButton id="idCustomerOwned2_CS" text="{i18n>CS_CustomerOwned}" />
            <RadioButton id="idNone_CS" text="{i18n>CS_None}" />
            </RadioButtonGroup>  
            <Label id="idlblMFG_CS" text="{i18n>CS_Manufacturer}" />
            <ComboBox id="idManufacturer_CS" items="{path :'dropDownJsonModel>/DropdownData', sorter: { path: 'device' }, filters: [{path: 'desc', operator: 'EQ', value1: 'LBD MANUFACTURER'}] }" selectedKey="{oSpecialsjmodel>/manufacturer}">
              <core:Item id="idMFitem_CS" key="{dropDownJsonModel>value}" text="{dropDownJsonModel>value}" />
            </ComboBox>
            <Label id="idlblModel_CS" text="{i18n>CS_Model}" />
            <ComboBox id="idModel_CS" items="{path :'dropDownJsonModel>/DropdownData', sorter: { path: 'device' }, filters: [{path: 'desc', operator: 'EQ', value1: 'LBD MODEL'}] }" selectedKey="{oSpecialsjmodel>/model}">
              <core:Item id="idModelitem_CS" key="{dropDownJsonModel>value}" text="{dropDownJsonModel>value}" />
            </ComboBox>
            <Label id="idlblCC_CS" text="{i18n>CS_ContinuousCurrent}" />
            <ComboBox id="idCC_CS" items="{path :'dropDownJsonModel>/DropdownData', sorter: { path: 'device' }, filters: [{path: 'desc', operator: 'EQ', value1: 'LBD CONTINOUS CURRENT'}] }" selectedKey="{oSpecialsjmodel>/continuousCurrent}">
              <core:Item id="idCCitem_CS" key="{dropDownJsonModel>value}" text="{dropDownJsonModel>value}" />
            </ComboBox>
            
            <core:Title id="idcoreTLBD2_CS" />
            <Label id="idlblLoadIntRat_CS" text="{i18n>CS_LoadIntRat}" />
            <Input id="idLoadIntRat_CS" value="{oSpecialsjmodel>/loadIntRating}"/>
            <Label id="idlblKAMomentary_CS" text="{i18n>CS_KAMomentary}" />
            <Input id="idKAMomentary_CS" value="{oSpecialsjmodel>/kAMomentaryLBD}"/>
            <Label id="idlblType2_CS" text="{i18n>CS_Type2}" />
            <ComboBox id="idType2_CS" items="{path :'dropDownJsonModel>/DropdownData', sorter: { path: 'device' }, filters: [{path: 'desc', operator: 'EQ', value1: 'LBD TYPE'}] }" selectedKey="{oSpecialsjmodel>/typeLBD}">
              <core:Item id="idType2item_CS" key="{dropDownJsonModel>value}" text="{dropDownJsonModel>value}" />
            </ComboBox>
            <Label id="idlblFaultClosing_CS" text="{i18n>CSFaultClosing}" />
            <Input id="idFaultClosing_CS" value="{oSpecialsjmodel>/faultClosing}"/>

            <core:Title id="idcoreTLBD3_CS" />
            <Label id="idlblBil_CS" text="{i18n>CS_Bil}" />
            <Input id="idBil_CS" value="{oSpecialsjmodel>/bilLBD}"/>
            <Label id="idlblSV_CS" text="{i18n>CS_ServiceVoltage}" />
            <ComboBox id="idSV_CS" items="{path :'dropDownJsonModel>/DropdownData', sorter: { path: 'device' }, filters: [{path: 'desc', operator: 'EQ', value1: 'LBD SERVICE VOLTAGE'}] }" selectedKey="{oSpecialsjmodel>/serviceVoltage}">
              <core:Item id="idSV2item_CS" key="{dropDownJsonModel>value}" text="{dropDownJsonModel>value}" />
            </ComboBox>
            <Label id="idlbl60Cyc_CS" text="{i18n>CS60Cyc}" />
            <Input id="id60Cyc_CS" value="{oSpecialsjmodel>/CycWithstand60}"/>  
            </form:content>
            </form:SimpleForm >
            </x:blocks>
          </x:ObjectPageSubSection>
        </x:subSections>
      </x:ObjectPageSection>  


      <x:ObjectPageSection id="idPageSectionCB_CS" titleUppercase="false" title="{i18n>CS_Circuit_Breaker}" visible="true">
        <x:subSections>
          <x:ObjectPageSubSection id="idCBSubSection_CS" titleUppercase="false">
            <x:blocks>
               <form:SimpleForm id="reqesformCB_CS" editable="true" layout="ResponsiveGridLayout" singleContainerFullSize="false"
                                columnsXL="3" columnsL="3" labelSpanXL="3" labelSpanL="4" labelSpanM="12" labelSpanS="12">
            <form:content>

            <core:Title id="idcoreTCB1_CS" />
            <Label id="idlblRadioCB_CS"/>
             <RadioButtonGroup id="goup6CPSR_CS" columns="5" class="sapUiTinyMarginTopBottom" >
            <RadioButton id="idAir_CS" text="{i18n>CS_Air}" />
            <RadioButton id="idOil_CS" text="{i18n>CS_Oil}" />
            <RadioButton id="idVac_CS" text="{i18n>CS_Vac}" />
            <RadioButton id="idsf6_CS" text="{i18n>CS_Sf6}" />
            </RadioButtonGroup>
            <Label id="idlblCBM_CS" text="{i18n>CS_CBM}" />
            <Input id="idCBM_CS" value="{oSpecialsjmodel>/circuitBreakerMake}"/>
            <Label id="idlblSNo_CS" text="{i18n>CS_Serialno}" />
            <Input id="idSerialNo_CS" value="{oSpecialsjmodel>/serialNo}"/>
            
            <core:Title id="idcoreTCB2_CS" /> 
            <Label id="idCB1_CS" />
            <RadioButtonGroup id="grop5CPSR_CS" columns="5" class="sapUiTinyMarginTopBottom" >          
            <RadioButton id="idDecoOwned_CS" text="{i18n>CS_DTEOwned}" />
            <RadioButton id="idCustomer_CS" text="{i18n>CS_CustomerOwned}" />
            </RadioButtonGroup> 
            <Label id="idlblKAMome_CS" text="{i18n>CS_KAMomentary}" />
            <Input id="idKAMome_CS" value="{oSpecialsjmodel>/kAMomentaryCB}"/>
            <Label id="idlblAmps_CS" text="{i18n>CS_Amps}" />
            <Input id="idAmps_CS" value="{oSpecialsjmodel>/amps}"/>

            <core:Title id="idcoreTCB3_CS" />   
            <Label id="idlblType4_CS" text="{i18n>CS_Type4}" />
            <Input id="idType4_CS" value="{oSpecialsjmodel>/typeCB}"/>
            <Label id="idlblFaultDuty_CS" text="{i18n>CS_FaultDuty}" />
            <Input id="idFaultDuty_CS" value="{oSpecialsjmodel>/faultDuty}"/>
            <Label id="idlblBil2_CS" text="{i18n>CS_Bil2}" />
            <Input id="idBil2_CS" value="{oSpecialsjmodel>/bilCB}"/>
            </form:content>
            </form:SimpleForm >
            </x:blocks>
          </x:ObjectPageSubSection>
        </x:subSections>
      </x:ObjectPageSection>

      <x:ObjectPageSection id="idPageSection_CS" titleUppercase="false" title="{i18n>CS_other}" visible="true">
        <x:subSections>
          <x:ObjectPageSubSection id="idCSSubSection_CS" titleUppercase="false">
            <x:blocks>
               <form:SimpleForm id="reqesform_CS" editable="true" layout="ResponsiveGridLayout" singleContainerFullSize="false"
                                columnsXL="3" columnsL="3" labelSpanXL="3" labelSpanL="4" labelSpanM="12" labelSpanS="12">
            <form:content>
            <core:Title id="idcoreTOther1_CS" />
            <Label id="idmeasure_CS" />
            <Label id="idlblAB_CS" text="{i18n>CS_AB}" />
            <Input id="idAB_CS" value="{oSpecialsjmodel>/ab}"/>
            <Label id="idlblBC_CS" text="{i18n>CS_BC}" />
            <Input id="idBC_CS" value="{oSpecialsjmodel>/bc}"/>
            <Label id="idlblCA_CS" text="{i18n>CS_CA}" />
            <Input id="idCA_CS" value="{oSpecialsjmodel>/ca}"/>
            <Label id="idlblAN_CS" text="{i18n>CS_AN}" />     
            <Input id="idAN_CS" value="{oSpecialsjmodel>/an}"/>
            <Label id="idlblBN_CS" text="{i18n>CS_BN}" />     
            <Input id="idBN_CS" value="{oSpecialsjmodel>/bn}"/>
            <Label id="idlbLCN_CS" text="{i18n>CS_CN}" />     
            <Input id="idCN_CS" value="{oSpecialsjmodel>/cn}"/>

            <core:Title id="idcoreTOther2_CS" /> 
            <Label id="idlblGround_CS" text="{i18n>CS_ground}" />     
            <Input id="idground_CS" value="{oSpecialsjmodel>/groundMatResistance}"/>
            <Label id="idlblMethod_CS" text="{i18n>CS_method}" />     
            <Input id="idmethod_CS" value="{oSpecialsjmodel>/methodUsed}"/>
            <Label id="idlbldate_CS" text="{i18n>CS_date}" />     
            <Input id="iddate_CS" value="{oSpecialsjmodel>/dateMergered}"/>
            <Label id="idlblservice_CS" text="{i18n>CS_service}" />     
            <Input id="idservice_CS" value="{oSpecialsjmodel>/typeofService}"/>
            <Label id="idlblTO_CS" text="{i18n>CS_TO}" /> 
            <ComboBox id="idTypeTO_CS" items="{path :'dropDownJsonModel>/DropdownData', sorter: { path: 'device' }, filters: [{path: 'desc', operator: 'EQ', value1: 'THROWOVER TYPE'}] }" selectedKey="{oCustomerAttributesJModel>/typeofTO}">
              <core:Item id="idTypeTOitem_CS" key="{dropDownJsonModel>value}" text="{dropDownJsonModel>value}" />
            </ComboBox> 
            <Label id="idlblrep_CS" text="{i18n>CS_rep}" />  
            <ComboBox id="idrep_CS" items="{path :'dropDownJsonModel>/DropdownData', sorter: { path: 'device' }, filters: [{path: 'desc', operator: 'EQ', value1: 'PRIMARY SERVICE REP'}] }" selectedKey="{oCustomerAttributesJModel>/primaryServiceRep}">
              <core:Item id="idrepitem_CS" key="{dropDownJsonModel>value}" text="{dropDownJsonModel>value}" />
            </ComboBox>    

            <core:Title id="idcoreTOther3_CS" />
              
            <Label id="idlblpsw_CS" text="{i18n>CS_psw}" />     
            <Input id="idCNpsw_CS" value="{oSpecialsjmodel>/pswDiagramNumber}"/>
            <Label id="idlblComment_CS" text="{i18n>CS_comment}" />     
            <TextArea id="idcomment_CS" growing="true" value="{oCustomerAttributesJModel>/comment}" showExceededText="false" valueLiveUpdate="true" rows="6" maxLength="225">
            </TextArea>
            

            </form:content>
            </form:SimpleForm >
            </x:blocks>
          </x:ObjectPageSubSection>
        </x:subSections>
      </x:ObjectPageSection>

      <x:ObjectPageSection id="idPageSectionFusesAtLBD_CS" titleUppercase="false" title="{i18n>CS_Fuses_At_LBD}" visible="true">
        <x:subSections>
          <x:ObjectPageSubSection id="idFusesAtLBDSubSection_CS" titleUppercase="false">
            <x:blocks>
               <Table id="idTFusesAtLb_CS" alternateRowColors="true" showNoData="true">
              <columns >                
                <Column id="id21CPSR">
                  <Label id="idlblsize_CS" text="{i18n>CS_Tsize}" />
                </Column>
                <Column id="id31CPSR">
                  <Label id="idlbltype3_CS" text="{i18n>CS_Ttype}" />
                </Column>
                <Column id="id41CPSR">
                  <Label id="idlblcurve2_CS" text="{i18n>CS_Tcurve}" />
                </Column>
                <Column id="id51CPSR">
                  <Label id="idlblvoltage2_CS" text="{i18n>CS_Tvoltage}" />
                </Column>
              </columns>
            <items>
              <ColumnListItem id="cll6CPSR_CS">
                <cells>                  
                  <Input id="idTsize_CS" value="{oSpecialsjmodel>/fuseSize}"/>
                  <ComboBox id="idTType_CS" items="{path :'dropDownJsonModel>/DropdownData', sorter: { path: 'device' }, filters: [{path: 'desc', operator: 'EQ', value1: 'FUSE TYPE'}] }" selectedKey="{oCustomerAttributesJModel>/srv_centre}">
                    <core:Item id="idTypeitem_CS" key="{dropDownJsonModel>value}" text="{dropDownJsonModel>value}" />
                  </ComboBox>
                  <ComboBox id="idTCurve_CS" items="{path :'dropDownJsonModel>/DropdownData', sorter: { path: 'device' }, filters: [{path: 'desc', operator: 'EQ', value1: 'FUSE CURVE'}] }" selectedKey="{oCustomerAttributesJModel>/srv_centre}">
                    <core:Item id="idCurveitem_CS" key="{dropDownJsonModel>value}" text="{dropDownJsonModel>value}" />
                  </ComboBox>
                  <ComboBox id="idTVoltage_CS" items="{path :'dropDownJsonModel>/DropdownData', sorter: { path: 'device' }, filters: [{path: 'desc', operator: 'EQ', value1: 'FUSE VOLTAGE'}] }" selectedKey="{oCustomerAttributesJModel>/srv_centre}">
                    <core:Item id="idCVoltageitem_CS" key="{dropDownJsonModel>value}" text="{dropDownJsonModel>value}" />
                  </ComboBox>
                </cells>
                </ColumnListItem>
            </items>
            </Table>
            </x:blocks>
          </x:ObjectPageSubSection>
        </x:subSections>
      </x:ObjectPageSection>

      <x:ObjectPageSection id="idPageSectionTrans_CS" titleUppercase="false" title="{i18n>CS_Transformer}" visible="true">
        <x:subSections>
          <x:ObjectPageSubSection id="idTransSubSection_CS" titleUppercase="false">
            <x:blocks>           
              <Table id="tablTrans" alternateRowColors="true" showNoData="true">
              <headerToolbar>
                <Toolbar id="_IDGenToolbar1">
                <RadioButtonGroup id="idOwnedGrp" columns="4" >          
                  <RadioButton id="idDteOwned_CS" text="{i18n>CS_DTEOwned}" />
                  <RadioButton id="idCustomerOwned_CS" text="{i18n>CS_CustomerOwned}" />
                </RadioButtonGroup>  
                </Toolbar>      
            </headerToolbar>
              <columns >                
                <Column id="idColumnManufacturer_CS">
                  <Label id="idlblManufacturer_CS" text="Manufacturer" />
                </Column>
                <Column id="idImped_CS">
                  <Label id="idlblImped_CS" text="% Imped" />
                </Column>
                <Column id="idPriVolt1_CS">
                  <Label id="idlblPriVolt_CS" text="Pri Volt" />
                </Column>
                <Column id="idSecVolt1_CS">
                  <Label id="idlblSecVoltR_CS" text="Sec Volt" />
                </Column>

                <Column id="idTaps1_CS">
                  <Label id="idlblTaps_CS" text="Taps" />
                </Column>

                <Column id="idKVA_CS">
                  <Label id="idlblKVA_CS" text="KVA" />
                </Column>

                <Column id="idType5_CS">
                  <Label id="idlblType5_CS" text="Type" />
                </Column>

                <Column id="idSerial_CS">
                  <Label id="idlblSerial_CS" text="Serial" />
                </Column>
              </columns>
            <items>
              <ColumnListItem id="idColListItem_CS">
                <cells>                  
                  <Input id="idManufacture2r_CS"/>
                  <Input id="idImped2_CS"/>
                  <ComboBox id="idPriVolt_CS" items="{path :'dropDownJsonModel>/DropdownData', sorter: { path: 'device' }, filters: [{path: 'desc', operator: 'EQ', value1: 'PRIMARY VOLTAGE'}] }" selectedKey="{oCustomerAttributesJModel>/srv_centre}">
                      <core:Item id="idPriVoltItem_CS" key="{dropDownJsonModel>value}" text="{dropDownJsonModel>value}" />
                  </ComboBox>
                  <ComboBox id="idSecVolt_CS" items="{path :'dropDownJsonModel>/DropdownData', sorter: { path: 'device' }, filters: [{path: 'desc', operator: 'EQ', value1: 'SECONDARY VOLTAGE'}] }" selectedKey="{oCustomerAttributesJModel>/srv_centre}">
                      <core:Item id="idSecVoltItem_CS" key="{dropDownJsonModel>value}" text="{dropDownJsonModel>value}" />
                  </ComboBox>

                  <ComboBox id="idTaps_CS" items="{path :'dropDownJsonModel>/DropdownData', sorter: { path: 'device' }, filters: [{path: 'desc', operator: 'EQ', value1: 'TAPS'}] }" selectedKey="{oCustomerAttributesJModel>/srv_centre}">
                      <core:Item id="idTapstItem_CS" key="{dropDownJsonModel>value}" text="{dropDownJsonModel>value}" />
                  </ComboBox>
                  <ComboBox id="idKva_CS" items="{path :'dropDownJsonModel>/DropdownData', sorter: { path: 'device' }, filters: [{path: 'desc', operator: 'EQ', value1: 'KVA'}] }" selectedKey="{oCustomerAttributesJModel>/srv_centre}">
                      <core:Item id="idKvaItem_CS" key="{dropDownJsonModel>value}" text="{dropDownJsonModel>value}" />
                  </ComboBox>
                  <ComboBox id="idType3_CS" items="{path :'dropDownJsonModel>/DropdownData', sorter: { path: 'device' }, filters: [{path: 'desc', operator: 'EQ', value1: 'TYPE'}] }" selectedKey="{oCustomerAttributesJModel>/srv_centre}">
                      <core:Item id="idTypeItem_CS" key="{dropDownJsonModel>value}" text="{dropDownJsonModel>value}" />
                  </ComboBox>
                  <Input id="idSerial2_CS"/>
                </cells>
                </ColumnListItem>
            </items>
            </Table>
            </x:blocks>
          </x:ObjectPageSubSection>
        </x:subSections>
      </x:ObjectPageSection>


    </x:sections>
      
  </x:ObjectPageLayout> 
</core:FragmentDefinition>
