<core:FragmentDefinition
    xmlns="sap.m"
    xmlns:core="sap.ui.core"
    xmlns:mvc="sap.ui.core.mvc"
    xmlns:form="sap.ui.layout.form"
    xmlns:l="sap.ui.layout"
    xmlns:f="sap.ui.layout.form"
    xmlns:x="sap.uxap"
>
    <x:ObjectPageLayout
        id="ObjectPageLayout_DS"
        enableLazyLoading="true"
        useIconTabBar="false"
        showTitleInHeaderContent="true"
        upperCaseAnchorBar="false"
    >
        <x:headerTitle>
            <x:ObjectPageDynamicHeaderTitle
                id="idDynamicHTitle_DS"
                visible="false"
            />
        </x:headerTitle>

        <x:sections>
            <x:ObjectPageSection
                id="idPageSectionCustomerRec_DS"
                titleUppercase="false"
                title="{i18n>CS_Customer_rec}"
                visible="true"
            >
                <x:subSections>
                    <x:ObjectPageSubSection
                        id="idCustomerSubSection_DS"
                        titleUppercase="false"
                    >
                        <x:blocks>
                            <form:SimpleForm
                                id="idRequestFormCustRec_DS"
                                editable="true"
                                layout="ResponsiveGridLayout"
                                singleContainerFullSize="false"
                                columnsXL="3" columnsL="3" labelSpanXL="3" labelSpanL="4" labelSpanM="12" labelSpanS="12"
                            >
                                <form:content>
                                    <core:Title
                                        id="idcoreTrecord1_DS"
                                        
                                    />
                                    <Label id="idlblConnObj_DS" text="{i18n>CS_BEntity}"/>
                                    <Text id="idConnObj_DS" text="{oSpecialsjmodel>/connection_object}" />

                                    <Label id="idlblPSNo_DS" text="{i18n>psnum}"/>
                                    <Text id="idPSNo_DS" text="{oSpecialsjmodel>/pSNumber}" 
                                    />
                                  
                                    <Label
                                        id="idlblCompletionD_DS"
                                        text="{i18n>completionDate}"/>
                                    <Text id="idCompletionD_DS" text="{oSpecialsjmodel>/completionDate}"/>
                                    <Label
                                        id="idlblWorkDesc_DS"
                                        text="{i18n>CS_WorkDesc}"
                                    />
                                    <Text
                                        id="idWorkDesc_DS"
                                        text="{oSpecialsjmodel>/work_desc}"
                                    />
                                    <Label
                                        id="idlblMeterNo_DS"
                                        text="{i18n>CS_MeterNo}"
                                    />
                                    <Text
                                        id="idMeterNo_DS"
                                        text="{oSpecialsjmodel>/meter_number}"
                                    />
                                    <Label
                                        id="idlblMeterNo2_DS"
                                        text="{i18n>CS_MeterNo2}"
                                    />
                                    <Text
                                        id="idMeterNo2_DS"
                                        text="{oSpecialsjmodel>/meter_number2}"
                                    />                                   
                                    <Label
                                        id="idlblFedFrom_DS"
                                        text="{i18n>CS_FedFrom}"
                                    />
                                    <Text id="idFedFrom_DS" text="{oSpecialsjmodel>/fedFrom}"/>


                                    <core:Title
                                        id="idcoreTrecord2_DS"  
                                    />
                                    <Label
                                        id="idlblCableDesc_DS"
                                        text="{i18n>CS_cableDesc}"
                                    />
                                    <Text id="idCableDesc_DS" text="{oSpecialsjmodel>/cableDescription}" />
                                    <Label
                                        id="idlblCableFootage_DS"
                                        text="{i18n>CS_cableFootage}" 
                                    />
                                    <Text id="idCableFootage_DS" text="{oSpecialsjmodel>/cableFootage}" />
                                    <Label
                                        id="idlblCts_DS"
                                        text="{i18n>CS_cts}"
                                    />
                                    <Text id="idCts_DS" text="{oSpecialsjmodel>/cts}" />
                                    <Label
                                        id="idlblPts_DS"
                                        text="{i18n>CS_pts}"
                                    />
                                    <Text id="idPts_DS" text="{oSpecialsjmodel>/pts}" />
                                    <Label
                                        id="idlblK_DS"
                                        text="{i18n>CS_k}"
                                    />
                                    <Text id="idK_DS" text="{oSpecialsjmodel>/k}" />
                                    <Label
                                        id="idlbM_DS"
                                        text="{i18n>CS_m}"
                                    />
                                    <Text id="idM_DS" text="{oSpecialsjmodel>/m}" />


                                    <core:Title
                                        id="idcoreTrecord3_DS"
                                        
                                    />
                                    <Label
                                        id="idlblDuctType_DS"
                                        text="{i18n>CS_DuctType}"
                                    />
                                    <Text id="idDuctType_DS" text="{oSpecialsjmodel>/ductType}" />
                                    
                                    <Label
                                        id="idlblFusesAt_DS"
                                        text="{i18n>CS_FusesAt}"
                                    />
                                    <Text id="idfusesAt_DS" text="{oSpecialsjmodel>/fusesAt}"/>
                                    <Label
                                        id="idlblSize_DS"
                                        text="{i18n>CS_Size}"
                                    />
                                    <Text id="idSize_DS" text="{oSpecialsjmodel>/size}"/>
                                    <Label
                                        id="idlblType_DS"
                                        text="{i18n>CS_Type}"
                                    />
                                    <Text id="idType_DS" text="{oSpecialsjmodel>/typeCR}"/>
                                    <Label
                                        id="idlblCurve_DS"
                                        text="{i18n>CS_Curve}"
                                    />
                                    <Text id="idCurve_DS" text="{oSpecialsjmodel>/curve}"/>
                                    <Label
                                        id="idlblVoltage_DS"
                                        text="{i18n>CS_Voltage}"
                                    />
                                    <Text id="idVoltage_DS" text="{oSpecialsjmodel>/voltage}"/>
                                </form:content>
                            </form:SimpleForm>
                        </x:blocks>
                    </x:ObjectPageSubSection>
                </x:subSections>
            </x:ObjectPageSection>

            <x:ObjectPageSection
                id="idPageSectionLBD_DS"
                titleUppercase="false"
                title="{i18n>CS_Load_Break_Disc}"
                visible="true"
            >
                <x:subSections>
                    <x:ObjectPageSubSection
                        id="idLBDSubSection_DS"
                        titleUppercase="false"
                    >
                        <x:blocks>
                            <form:SimpleForm
                                id="rquestformLBD_DS"
                                editable="true"
                                layout="ResponsiveGridLayout"
                                singleContainerFullSize="false"
                                columnsXL="3" columnsL="3" labelSpanXL="3" labelSpanL="4" labelSpanM="12" labelSpanS="12"
                            >
                                <form:content>
                                    <core:Title id="idcoreTLBD1_DS" />
                                    <Label id="idRadiobutton_DS" />
                                    <RadioButtonGroup
                                        id="idRadio1_DS"
                                        columns="5"
                                        class="sapUiTinyMarginTopBottom"
                                        enabled="false"
                                    >
                                        <RadioButton
                                            id="iddeCoOwned_DS"
                                            text="{i18n>CS_DTEOwned}"
                                            selected="{= ${oSpecialsjmodel>/ownedByLBD} === 'DTE Owned' ? true : false}"
                                        />
                                        <RadioButton
                                            id="idCustomerOwned2_DS"
                                            text="{i18n>CS_CustomerOwned}"
                                            selected="{= ${oSpecialsjmodel>/ownedByLBD} === 'Customer Owned' ? true : false}"
                                        />
                                        <RadioButton
                                            id="idNone_DS"
                                            text="{i18n>CS_None}"
                                            selected="{= ${oSpecialsjmodel>/ownedByLBD} === 'None' ? true : false}"
                                        />
                                    </RadioButtonGroup>
                                    <Label
                                        id="idlblMFG_DS"
                                        text="{i18n>CS_Manufacturer}"
                                    />
                                    <Text id="idManufacturer_DS" text="{oSpecialsjmodel>/manufacturer}"/>
                                    <Label
                                        id="idlblModel_DS"
                                        text="{i18n>CS_Model}"
                                    /> 
                                    <Text id="idModel_DS" text="{oSpecialsjmodel>/model}"/>
                                    <Label
                                        id="idlblCC_DS"
                                        text="{i18n>CS_ContinuousCurrent}"
                                    />
                                    <Text id="idCC_DS" text="{oSpecialsjmodel>/continuousCurrent}"/>


                                    <core:Title id="idcoreTLBD2_DS" />
                                    <Label
                                        id="idlblLoadIntRat_DS"
                                        text="{i18n>CS_LoadIntRat}"
                                    />
                                    <Text id="idLoadIntRat_DS" text="{oSpecialsjmodel>/loadIntRating}"/>
                                    <Label
                                        id="idlblKAMomentary_DS"
                                        text="{i18n>CS_KAMomentary}"
                                    />
                                    <Text id="idKAMomentary_DS" text="{oSpecialsjmodel>/kAMomentaryLBD}"/>
                                    <Label
                                        id="idlblType2_DS"
                                        text="{i18n>CS_Type2}"
                                    />
                                    <Text id="idType2_DS" text="{oSpecialsjmodel>/typeLBD}"/>
                                    <Label
                                        id="idlblFaultClosing_DS"
                                        text="{i18n>CSFaultClosing}"
                                    />
                                    <Text id="idFaultClosing_DS" text="{oSpecialsjmodel>/faultClosing}"/>

                                    <core:Title id="idcoreTLBD3_DS" />
                                    <Label
                                        id="idlblBil_DS"
                                        text="{i18n>CS_Bil}"
                                    />
                                    <Text id="idBil_DS" text="{oSpecialsjmodel>/bilLBD}"/>
                                    <Label
                                        id="idlblSV_DS"
                                        text="{i18n>CS_ServiceVoltage}"
                                    />
                                    <Text id="idSV_DS" text="{oSpecialsjmodel>/serviceVoltage}"/>
                                    <Label
                                        id="idlbl60Cyc_DS"
                                        text="{i18n>CS60Cyc}"
                                    />
                                    <Text id="id60Cyc_DS" text="{oSpecialsjmodel>/CycWithstand60}"/>
                                </form:content>
                            </form:SimpleForm>
                        </x:blocks>
                    </x:ObjectPageSubSection>
                </x:subSections>
            </x:ObjectPageSection>


            <x:ObjectPageSection
                id="idPageSectionCB_DS"
                titleUppercase="false"
                title="{i18n>CS_Circuit_Breaker}"
                visible="true"
            >
                <x:subSections>
                    <x:ObjectPageSubSection
                        id="idCBSubSection_DS"
                        titleUppercase="false"
                    >
                        <x:blocks>
                            <form:SimpleForm
                                id="reqesformCB_DS"
                                editable="true"
                                layout="ResponsiveGridLayout"
                                singleContainerFullSize="false"
                                columnsXL="3" columnsL="3" labelSpanXL="3" labelSpanL="4" labelSpanM="12" labelSpanS="12"
                            >
                                <form:content>
                                    <core:Title id="idcoreTCB1_DS" />
                                    <Label id="idlblRadioCB_DS" />
                                    <RadioButtonGroup
                                        id="goup6CPSR_DS"
                                        columns="5"
                                        class="sapUiTinyMarginTopBottom"
                                        enabled="false"
                                    >
                                        <RadioButton
                                            id="idAir_DS"
                                            text="{i18n>CS_Air}"
                                            selected="{= ${oSpecialsjmodel>/fuelTypeCB} === 'Air' ? true : false}"
                                        />
                                        <RadioButton
                                            id="idOil_DS"
                                            text="{i18n>CS_Oil}"
                                            selected="{= ${oSpecialsjmodel>/fuelTypeCB} === 'Oil' ? true : false}"
                                        />
                                        <RadioButton
                                            id="idVac_DS"
                                            text="{i18n>CS_Vac}"
                                            selected="{= ${oSpecialsjmodel>/fuelTypeCB} === 'Vac' ? true : false}"
                                        />
                                        <RadioButton
                                            id="idsf6_DS"
                                            text="{i18n>CS_Sf6}"
                                            selected="{= ${oSpecialsjmodel>/fuelTypeCB} === 'SF6' ? true : false}"
                                        />
                                    </RadioButtonGroup>
                                    <Label
                                        id="idlblCBM_DS"
                                        text="{i18n>CS_CBM}"
                                    />
                                    <Text id="idCBM_DS" text="{oSpecialsjmodel>/circuitBreakerMake}"/>
                                    <Label
                                        id="idlblSNo_DS"
                                        text="{i18n>CS_Serialno}"
                                    />
                                    <Text id="idSerialNo_DS" text="{oSpecialsjmodel>/serialNo}"/>


                                    <core:Title id="idcoreTCB2_DS" />
                                    <Label id="idCB1_DS" />

                                    <RadioButtonGroup
                                        id="grop5CPSR_DS"
                                        columns="5"
                                        class="sapUiTinyMarginTopBottom"
                                        enabled="false"
                                    >
                                        <RadioButton
                                            id="idDecoOwned_DS"
                                            text="{i18n>CS_DTEOwned}"
                                            selected="{= ${oSpecialsjmodel>/ownedByCB} === 'DTE Owned' ? true : false}"
                                        />
                                        <RadioButton
                                            id="idCustomer_DS"
                                            text="{i18n>CS_CustomerOwned}"
                                            selected="{= ${oSpecialsjmodel>/ownedByCB} === 'Customer Owned' ? true : false}"
                                        />
                                    </RadioButtonGroup>
                                    <Label
                                        id="idlblKAMome_DS"
                                        text="{i18n>CS_KAMomenetary}"
                                    />
                                    <Text id="idKAMome_DS" text="{oSpecialsjmodel>/kAMomentaryCB}"/>

                                    <Label
                                        id="idlblAmps_DS"
                                        text="{i18n>CS_Amps}"
                                    />
                                    <Text id="idAmps_DS" text="{oSpecialsjmodel>/amps}"/>


                                    <core:Title id="idcoreTCB3_DS" />
                                    <Label
                                        id="idlblType4_DS"
                                        text="{i18n>CS_Type4}"
                                    />
                                    <Text id="idType4_DS" text="{oSpecialsjmodel>/typeCB}"/>
                                    <Label
                                        id="idlblFaultDuty_DS"
                                        text="{i18n>CS_FaultDuty}"
                                    />
                                    <Text id="idFaultDuty_DS" text="{oSpecialsjmodel>/faultDuty}"/>
                                    <Label
                                        id="idlblBil2_DS"
                                        text="{i18n>CS_Bil2}"
                                    />
                                    <Text id="idBil2_DS" text="{oSpecialsjmodel>/bilCB}"/>
                                </form:content>
                            </form:SimpleForm>
                        </x:blocks>
                    </x:ObjectPageSubSection>
                </x:subSections>
            </x:ObjectPageSection>


            <x:ObjectPageSection id="idPageSection_DS" titleUppercase="false" title="{i18n>CS_other}" visible="true">
        <x:subSections>
          <x:ObjectPageSubSection id="idDSSubSection_DS" titleUppercase="false">
            <x:blocks>
               <form:SimpleForm id="reqesform_DS" editable="true" layout="ResponsiveGridLayout" singleContainerFullSize="false"
               columnsXL="3" columnsL="3" labelSpanXL="3" labelSpanL="4" labelSpanM="12" labelSpanS="12">
            <form:content>

            <core:Title id="idcoreTOther1_DS" />
            <Label id="idlblAB_DS" text="{i18n>CS_AB}" />
            <Text id="idAB_DS" text="{oSpecialsjmodel>/ab}"/>
            <Label id="idlblBC_DS" text="{i18n>CS_BC}" />
            <Text id="idBC_DS" text="{oSpecialsjmodel>/bc}"/>
            <Label id="idlblCA_DS" text="{i18n>CS_CA}" />
            <Text id="idCA_DS" text="{oSpecialsjmodel>/ca}"/>
            <Label id="idlblAN_DS" text="{i18n>CS_AN}" />     
            <Text id="idAN_DS" text="{oSpecialsjmodel>/an}"/>
            <Label id="idlblBN_DS" text="{i18n>CS_BN}" />     
            <Text id="idBN_DS" text="{oSpecialsjmodel>/bn}"/>
            <Label id="idlbLCN_DS" text="{i18n>CS_CN}" />     
            <Text id="idCN_DS" text="{oSpecialsjmodel>/cn}"/>
            <Label id="idlblGround_DS" text="{i18n>CS_ground}" />     
            <Text id="idground_DS" text="{oSpecialsjmodel>/groundMatResistance}"/>
            <Label id="idlblMethod_DS" text="{i18n>CS_method}" />     
            <Text id="idmethod_DS" text="{oSpecialsjmodel>/methodUsed}"/>
            <Label id="idlbldate_DS" text="{i18n>CS_date}" />     
            <Text id="iddate_DS" text="{oSpecialsjmodel>/dateMergered}"/>
            
            <core:Title id="idcoreTOther2_DS" />
            <Label id="idlblservice_DS" text="{i18n>CS_service}" />     
            <Text id="idservice_DS" text="{oSpecialsjmodel>/typeofService}"/>
            <Label id="idlblTO_DS" text="{i18n>CS_TO}" />     
            <Text id="idCNTO_DS" text="{oSpecialsjmodel>/typeofTO}"/>
            <Label id="idlblrep_DS" text="{i18n>CS_rep}" />     
            <Text id="idCNrep_DS" text="{oSpecialsjmodel>/primaryServiceRep}"/>
            <Label id="idlblpsw_DS" text="{i18n>CS_psw}" />     
            <Text id="idCNpsw_DS" text="{oSpecialsjmodel>/pswDiagramNumber}"/>
            <Label id="idlblcreatedby_DS" text="{i18n>CS_createdby}" />     
            <Text id="idcreatedby_DS" text="{oSpecialsjmodel>/createdBy}"/>
            <Label id="idlblcreatedon_DS" text="{i18n>CS_createdon}" />     
            <Text id="idcreatedon_DS" text="{oSpecialsjmodel>/createdAt}"/>
            <Label id="idlblmodifiedby_DS" text="{i18n>CS_modifiedby}" />     
            <Text id="idmodifiedby_DS" text="{oSpecialsjmodel>/modifiedBy}"/>
            <Label id="idlblmodifiedon_DS" text="{i18n>CS_modifiedon}" />     
            <Text id="idmodifiedon_DS" text="{oSpecialsjmodel>/modifiedAt}"/>   
            
            <core:Title id="idcoreTOther3_DS" />  
            <Label id="idlblapproveby_DS" text="{i18n>CS_approveby}" />     
            <Text id="idapproveby_DS" text="{oSpecialsjmodel>/approvedBy}"/>
            <Label id="idlblapprovedate_DS" text="{i18n>CS_approveon}" />     
            <Text id="idapprovedate_DS" text="{oSpecialsjmodel>/approvedOn}"/>
            <Label id="idlblApproverCmnts_DS" text="{i18n>CS_APRcomment}" />     
            <TextArea id="idApproverCmnts_DS" growing="true" value="{oSpecialsjmodel>/approverComment}" showExceededText="false" editable="false" rows="6" maxLength="1300">
                <!-- <layoutData>
                    <l:GridData id="idGridData2_DS11" span="XL5 L5 M12 S12" />
                </layoutData> -->
            </TextArea>  
            
            <Label id="idlblComment_DS" text="{i18n>CS_comment}" />     
            <TextArea id="idcomment_DS" growing="true" value="{oSpecialsjmodel>/comment}" showExceededText="false" editable="false" rows="6" maxLength="1300">
                <!-- <layoutData>
                    <l:GridData id="idGridData2_DS11" span="XL5 L5 M12 S12" />
                </layoutData> -->
            </TextArea>
            
        

            </form:content>
            </form:SimpleForm >
            </x:blocks>
          </x:ObjectPageSubSection>
        </x:subSections>
      </x:ObjectPageSection>

            <x:ObjectPageSection
                id="idPageSectionFusesAtLBD_DS"
                titleUppercase="false"
                title="{i18n>CS_Fuses_At_LBD}"
                visible="true"
            >
                <x:subSections>
                    <x:ObjectPageSubSection
                        id="idFusesAtLBDSubSection_DS"
                        titleUppercase="false"
                    >
                        <x:blocks>
                            <Table
                                id="idTFusesAtLb_DS"
                                alternateRowColors="true"
                                showNoData="true"
                            >
                                <columns>
                                    <Column id="idTsize1_DS">
                                        <Label
                                            id="idlblsize_DS"
                                            text="{i18n>CS_Tsize}"
                                        />
                                    </Column>
                                    <Column id="idtType_DS">
                                        <Label
                                            id="idlbltype3_DS"
                                            text="{i18n>CS_Ttype}"
                                        />
                                    </Column>
                                    <Column id="idTcurve_DS">
                                        <Label
                                            id="idlblcurve2_DS"
                                            text="{i18n>CS_Tcurve}"
                                        />
                                    </Column>
                                    <Column id="idTvoltage_DS">
                                        <Label
                                            id="idlblvoltage2_DS"
                                            text="{i18n>CS_Tvoltage}"
                                        />
                                    </Column>
                                </columns>
                                <items>
                                    <ColumnListItem id="cll6CPSR_DS">
                                        <cells>
                                            <Text id="idTsize_DS" />
                                            <Text id="idTType_DS" />
                                            <Text id="idTCurve_DS" />
                                            <Text id="idTVoltage_DS" />
                                        </cells>
                                    </ColumnListItem>
                                </items>
                            </Table>
                        </x:blocks>
                    </x:ObjectPageSubSection>
                </x:subSections>
            </x:ObjectPageSection>

            <x:ObjectPageSection
                id="idPageSectionTrans_DS"
                titleUppercase="false"
                title="{i18n>CS_Transformer}"
                visible="true"
            >
                <x:subSections>
                    <x:ObjectPageSubSection
                        id="idTransSubSection_DS"
                        titleUppercase="false"
                    >
                        <x:blocks>
                            <Table
                                id="tablTrans_DS"
                                alternateRowColors="true"
                                showNoData="true"
                            >
                                <headerToolbar>
                                    <Toolbar id="_IDGenToolbar1_DS">
                                        <RadioButtonGroup
                                            id="idOwnedGrp_DS"
                                            columns="4"
                                            enabled="false"
                                        >
                                            <RadioButton
                                                id="idDteOwned_DS"
                                                text="DTE Owned"
                                                selected="{= ${oSpecialsjmodel>/ownedByTransformer} === 'DTE Owned' ? true : false}"
                                            />
                                            <RadioButton
                                                id="idCustomerOwned"
                                                text="Customer Owned"
                                                selected="{= ${oSpecialsjmodel>/ownedByTransformer} === 'Customer Owned' ? true : false}"
                                            />
                                        </RadioButtonGroup>
                                    </Toolbar>
                                </headerToolbar>
                                <columns>
                                    <Column id="idColumnManufacturer_DS">
                                        <Label
                                            id="idlblManufacturer_DS"
                                            text="Manufacturer"
                                        />
                                    </Column>
                                    <Column id="idImped_DS">
                                        <Label
                                            id="idlblImped_DS"
                                            text="% Imped"
                                        />
                                    </Column>
                                    <Column id="idPriVolt1_DS">
                                        <Label
                                            id="idlblPriVolt_DS"
                                            text="Pri Volt"
                                        />
                                    </Column>
                                    <Column id="idSecVolt1_DS">
                                        <Label
                                            id="idlblSecVoltR_DS"
                                            text="Sec Volt"
                                        />
                                    </Column>

                                    <Column id="idTaps1_DS">
                                        <Label
                                            id="idlblTaps_DS"
                                            text="Taps"
                                        />
                                    </Column>

                                    <Column id="idKVA_DS">
                                        <Label
                                            id="idlblKVA_DS"
                                            text="KVA"
                                        />
                                    </Column>

                                    <Column id="idType5_DS">
                                        <Label
                                            id="idlblType5_DS"
                                            text="Type"
                                        />
                                    </Column>

                                    <Column id="idSerial_DS">
                                        <Label
                                            id="idlblSerial_DS"
                                            text="Serial"
                                        />
                                    </Column>
                                </columns>
                                <items>
                                    <ColumnListItem id="idColListItem_DS">
                                        <cells>
                                            <Text id="idManufacturer2_DS" />
                                            <Text id="idImped2_DS" />
                                            <Text id="idPriVolt_DS" />
                                            <Text id="idSecVolt_DS" />
                                            <Text id="idTaps_DS" />
                                            <Text id="idKva_DS" />
                                            <Text id="idType3_DS" />
                                            <Text id="idSerial2_DS" />
                                        </cells>
                                    </ColumnListItem>
                                </items>
                                
                            </Table>
                        </x:blocks>
                    </x:ObjectPageSubSection>
                </x:subSections>
            </x:ObjectPageSection>



        </x:sections>
    </x:ObjectPageLayout>
</core:FragmentDefinition>
