{
  "model/models.js.map": 1725483053175,
  "controller/App.controller.js": 1723199334047,
  "controller/SearchCustomer.controller.js": 1723311922962,
  "model/models.js": 1723199334043,
  "manifest.json": 1725483052980,
  "Component.js": 1723199334039,
  "controller/SearchCustomer-dbg.controller.js": 1723311922962,
  "controller/SearchCustomer.controller.js.map": 1725483053178,
  "controller/App-dbg.controller.js": 1723199334047,
  "controller/App.controller.js.map": 1725483053173,
  "model/models-dbg.js": 1723199334043,
  "i18n/i18n.properties": 1723199393192,
  "Component-dbg.js": 1723199334039,
  "Component.js.map": 1725483053172,
  "Component-preload.js": 1725483053262,
  "Component-preload.js.map": 1725483053262,
  "view/SearchCustomer.view.xml": 1723308200321,
  "view/App.view.xml": 1723199334051,
  "css/style.css": 1723199334051,
  "index.html": 1723199334039
}