<core:FragmentDefinition xmlns="sap.m"
  xmlns:core="sap.ui.core"
  xmlns:mvc="sap.ui.core.mvc"
  xmlns:form="sap.ui.layout.form"
  xmlns:l="sap.ui.layout"
  xmlns:f="sap.ui.layout.form"
  xmlns:x="sap.uxap" height="100%"> 

  <x:ObjectPageLayout id="ObjectPageLayout_CC" height="100%" enableLazyLoading="true" useIconTabBar="false" showTitleInHeaderContent="true" upperCaseAnchorBar="false">
    <x:headerTitle>
      <x:ObjectPageDynamicHeaderTitle id="idDynamicHTitle_CC" visible="false"> 
      
      </x:ObjectPageDynamicHeaderTitle>
    </x:headerTitle>


    <x:sections>
  <x:ObjectPageSection id="idPageSectionCustomerInfo_CC" titleUppercase="false" title="{i18n>customer_info}" visible="true">
        <x:subSections>
          <x:ObjectPageSubSection id="idCustomerSubSection_CC" titleUppercase="false">
            <x:blocks>
               <form:SimpleForm id="idCustomerInfoReqForm_CC" editable="true" layout="ResponsiveGridLayout" singleContainerFullSize="false" columnsXL="1" columnsL="1" labelSpanXL="3" labelSpanL="4" labelSpanM="12" labelSpanS="12" >

              <form:content>
                
                <Label id="idlblCustomerName_CC" text="{i18n>customername}" required="false"/>
                <Input id="idCustomerName_CC"  value="{oCustomerAttributesJModel>/cust_name}" maxLength="40">
                <layoutData>
                      <l:GridData id="idGridData_CC" span="XL5 L5 M12 S12" />
                    </layoutData>
                  </Input>

                
                <Label id="idlblStreetNo_CC" text="{i18n>streetnumber}" required="true"/>
                <Input id="idStreetno_CC"  value="{oCustomerAttributesJModel>/street_no}" maxLength="10">
                <layoutData>
                      <l:GridData id="idGridData_CC2" span="XL5 L5 M12 S12" />
                    </layoutData>
                  </Input>

               
                <Label id="idlblStreetAdd_CC" text="{i18n>streeetadd}" required="true"/>
                <Input id="idStreetAdd_CC"  value="{oCustomerAttributesJModel>/street_name}" maxLength="60">
                <layoutData>
                      <l:GridData id="idGridData_CC3" span="XL5 L5 M12 S12" />
                    </layoutData>
                  </Input>


              </form:content>

              

            </form:SimpleForm >
            </x:blocks>
          </x:ObjectPageSubSection>
        </x:subSections>
      </x:ObjectPageSection>

      <x:ObjectPageSection id="idPageSecEmerContact_CC" titleUppercase="false" title="{i18n>emergency_contact}" visible="true">
        <x:subSections>
          <x:ObjectPageSubSection id="idSubSecEmerContact_CC" titleUppercase="false">
            <x:blocks>
              <form:SimpleForm id="idrRuestformEmerContact_CC" editable="true" layout="ResponsiveGridLayout" singleContainerFullSize="false" columnsXL="1" columnsL="1" labelSpanXL="3" labelSpanL="4" labelSpanM="12" labelSpanS="12">
                <form:content>
                  <Label id="idlblEmerConName_CC" text="{i18n>emerencyconname}"/>
                  <Input id="idEmerConName_CC" value="{oCustomerAttributesJModel>/emer_cont_name}" maxLength="40">
                    <layoutData>
                      <l:GridData id="idGridData_CC4" span="XL5 L5 M12 S12" />
                    </layoutData>
                  </Input>
                  <Label id="idlblEmerTitle_CC" text="{i18n>emergencytitle}" />
                  <Input id="idEmerTitle_CC" value="{oCustomerAttributesJModel>/emer_title}" maxLength="4">
                    <layoutData> 
                      <l:GridData id="idGridData_CC5" span="XL5 L5 M12 S12" />
                    </layoutData>
                  </Input>
                  <Label id="idlblEmerPhone_CC" text="{i18n>emerencyphone}" />
                  <Input id="idEmerPhone_CC" value="{oCustomerAttributesJModel>/emer_phone}" maxLength="30" type="Number">
                    <layoutData>
                      <l:GridData id="idGridData_CC6" span="XL5 L5 M12 S12" />
                    </layoutData>
                  </Input>
 

                </form:content>
              </form:SimpleForm >
            </x:blocks>
          </x:ObjectPageSubSection>
        </x:subSections>
      </x:ObjectPageSection>

      <x:ObjectPageSection id="idObjectPageSecH2_CC" titleUppercase="false" title="{i18n>other_cust_details}">
        <x:subSections>
          <x:ObjectPageSubSection id="idSubPageSecH2_CC" titleUppercase="false">
            <x:blocks>
              <form:SimpleForm id="idReqFormH2_CC" editable="true" layout="ResponsiveGridLayout" singleContainerFullSize="false" columnsXL="1" columnsL="1" labelSpanXL="3" labelSpanL="4" labelSpanM="12" labelSpanS="12">
                <form:content>

                  <Label id="idlblPswdocid_CC" text="{i18n>pswdocid}" />
                  <Input id="idPswdocid_CC" value="{oCustomerAttributesJModel>/doc_id}" maxLength="225">
                    <layoutData>
                      <l:GridData id="idGridData_CC7" span="XL5 L5 M12 S12" />
                    </layoutData>
                  </Input>
                  <Label id="idlblSectPoint_CC" text="{i18n>sectpoint}" />
                  <Input id="idSectPoint_CC" value="{oCustomerAttributesJModel>/sect_point}" maxLength="60">
                    <layoutData>
                      <l:GridData id="idGridData_CC8" span="XL5 L5 M12 S12" />
                    </layoutData>
                  </Input>
                  <Label id="idlblSketchNo_CC" text="{i18n>sketchno}" />
                  <Input id="idSketchNo_CC" value="{oCustomerAttributesJModel>/sketch_no}" maxLength="18">
                    <layoutData>
                      <l:GridData id="idGridData_CC9" span="XL5 L5 M12 S12" />
                    </layoutData>
                  </Input>
                  <Label id="idlblNoOfLines_CC" text="{i18n>numberoflines}" />
                  <ComboBox id="idNoOfline_CC" items="{path :'dropDownJsonModel>/DropdownData', sorter: { path: 'device' }, filters: [{path: 'desc', operator: 'EQ', value1: 'NUMBER OF LINES'}] }" selectedKey="{oCustomerAttributesJModel>/no_of_lines}">
                    <core:Item id="_IDNolineItem1_CC" key="{dropDownJsonModel>value}" text="{dropDownJsonModel>value}" />
                    <layoutData>
                      <l:GridData id="idGridData_CC10" span="XL5 L5 M12 S12" />
                    </layoutData>
                  </ComboBox>
                  <Label id="idlblPsw_CC" text="{i18n>psw}" />
                  <Input id="idPsw_CC" value="{oCustomerAttributesJModel>/psw}" maxLength="225">
                    <layoutData>
                      <l:GridData id="idGridData_CC11" span="XL5 L5 M12 S12" />
                    </layoutData>
                  </Input>

                </form:content>
              </form:SimpleForm >
            </x:blocks>
          </x:ObjectPageSubSection>
        </x:subSections>
      </x:ObjectPageSection>



      <x:ObjectPageSection id="idObjectPageSecCirInfo_CC" titleUppercase="false" title="{i18n>Circuit_Information}">
        <x:subSections>
          <x:ObjectPageSubSection id="idSubSecCirInfo_CC" titleUppercase="false">
            <x:blocks>
              <form:SimpleForm id="idReqFormCirInfo_CC" editable="true" layout="ResponsiveGridLayout" singleContainerFullSize="false" columnsXL="1" columnsL="1" labelSpanXL="3" labelSpanL="4" labelSpanM="12" labelSpanS="12">
                <form:content>

                  <Label id="idlblDCPLIND_CC"/>
                  <RadioButtonGroup id="idDCPLIND_CC" columns="5" class="sapUiMediumMarginBottom" select="onDCPLINDSelect" >
                    <RadioButton id="DC_CC" text="DC" selected="true"/>
                    <RadioButton id="PL_CC" text="PL" />
                    <RadioButton id="IND_CC" text="IND" />
                  </RadioButtonGroup>
                  <Label id="idlblTrans_CC" text="{i18n>trans}" />
                  <Input id="idTrans_CC" value="{oCustomerAttributesJModel>/trans}" visible="false">
                    <layoutData>
                      <l:GridData id="idGridData_CC12" span="XL5 L5 M12 S12" />
                    </layoutData>  
                  </Input>
                    <Label id="idlblSubstation_CC" text="{i18n>substation}" />
                  <Input id="idSubstation_CC" showValueHelp="true" showSuggestion="true" valueHelpRequest="onHelpSubstation" maxLength="65" value="{oCustomerAttributesJModel>/sub_station}">
                  <!-- <ComboBox id="substation" items="{path :'oSubstationJModel>/oSubstation', sorter: { path: 'device' }}" selectedKey="{oCustomerAttributesJModel>/sub_station}">
                    <core:Item id="_IDGenItem1" key="{oSubstationJModel>substation}" text="{oSubstationJModel>substation}" />-->
                    <layoutData>
                      <l:GridData id="idGridData_CC13" span="XL5 L5 M12 S12" />
                    </layoutData>
                  </Input> 
                  <Label id="idlblCircuit_CC" text="{i18n>circuit}" />
                  <Input id="idCircuit_CC" showValueHelp="true" valueHelpRequest="onHelpCircuit" maxLength="225" value="{oCustomerAttributesJModel>/circuit}">
                  <layoutData>
                      <l:GridData id="idGridData_CC14" span="XL5 L5 M12 S12" />
                    </layoutData>
                  </Input>
                  <!-- <ComboBox id="idcircuit"  items="{path :'oCircuitJModel>/oCircuit', sorter: { path: 'device' }}" selectedKey="{oCustomerAttributesJModel>/circuit}">
                    <core:Item id="_IDcircuitItem1" key="{oCircuitJModel>circuit}" text="{oCircuitJModel>circuit}" />
                    <layoutData>
                      <l:GridData id="_IDGenGridData12" span="XL5 L5 M12 S12" />
                    </layoutData>
                  </ComboBox> -->
                  <Label id="idlblCircuitDoc_CC" text="{i18n>circuitdoc}" />
                  <Input id="idCircuitDoc_CC" value="{oCustomerAttributesJModel>/circuit_doc_id}" maxLength="225">
                  <layoutData>
                      <l:GridData id="idGridData_CC15" span="XL5 L5 M12 S12" />
                    </layoutData>
                    </Input>
                  <Label id="idlblPsCableno_CC" text="{i18n>pscableno}" />
                  <Input id="idPsCableno_CC" value="{oCustomerAttributesJModel>/cable_no}" maxLength="60">
                  <layoutData>
                      <l:GridData id="idGridData_CC16" span="XL5 L5 M12 S12" />
                    </layoutData>
                    </Input>
                    <Label id="idlblSrvCecenter_CC" text="{i18n>servicecenter}" />
                  <ComboBox id="idSrvCenter_CC" items="{path :'dropDownJsonModel>/DropdownData', sorter: { path: 'device' }, filters: [{path: 'desc', operator: 'EQ', value1: 'SERVICE CENTER'}] }" selectedKey="{oCustomerAttributesJModel>/srv_centre}">
                    <core:Item id="idSCItem_CC" key="{dropDownJsonModel>value}" text="{dropDownJsonModel>value}" />
                    <layoutData>
                      <l:GridData id="idGridData_CC17" span="XL5 L5 M12 S12" />
                    </layoutData>
                  </ComboBox>
                  <Label id="idlblPrimerySrvRep_CC" text="{i18n>primerysrvrep}" />
                  <ComboBox id="idPSR_CC" items="{path :'dropDownJsonModel>/DropdownData', sorter: { path: 'device' }, filters: [{path: 'desc', operator: 'EQ', value1: 'PRIMARY SERVICE REP'}] }" selectedKey="{oCustomerAttributesJModel>/psr}">
                    <core:Item id="idPSRItem_CC" key="{dropDownJsonModel>value}" text="{dropDownJsonModel>value}" />
                    <layoutData>
                      <l:GridData id="idGridData_CC18" span="XL5 L5 M12 S12" />
                    </layoutData>
                    
                  </ComboBox>

                </form:content>
              </form:SimpleForm >
            </x:blocks>
          </x:ObjectPageSubSection>
        </x:subSections>
      </x:ObjectPageSection>


      <x:ObjectPageSection id="idObjectPageSecH4_CC" titleUppercase="false" title="{i18n>Equipment_and_Gene}">
        <x:subSections>
          <x:ObjectPageSubSection id="idSubSecH4_CC" titleUppercase="false">
            <x:blocks>
              <form:SimpleForm id="idReqFormH4_CC" editable="true" layout="ResponsiveGridLayout" singleContainerFullSize="false" columnsXL="1" columnsL="1" labelSpanXL="3" labelSpanL="4" labelSpanM="12" labelSpanS="12">
                <form:content> 

                  <Label id="idlblProEqp1_CC" text="{i18n>protectiveeqp1}" />
                  <ComboBox id="idProEqp1_CC" items="{path :'dropDownJsonModel>/DropdownData', sorter: { path: 'device' }, filters: [{path: 'desc', operator: 'EQ', value1: 'PROTECTIVE EQUIPMENT #1'}] }" selectedKey="{oCustomerAttributesJModel>/prot_equip1}">
                      <core:Item id="idProEqp1Item_CC" key="{dropDownJsonModel>value}" text="{dropDownJsonModel>value}" />
                    <layoutData>
                      <l:GridData id="idGridData_CC19" span="XL5 L5 M12 S12" />
                    </layoutData>
                    </ComboBox>
                  <Label id="idlblProEqp2_CC" text="{i18n>protectiveeqp2}" />
                  <ComboBox id="idProEqp2_CC" items="{path :'dropDownJsonModel>/DropdownData', sorter: { path: 'device' }, filters: [{path: 'desc', operator: 'EQ', value1: 'PROTECTIVE EQUIPMENT #2'}] }" selectedKey="{oCustomerAttributesJModel>/prot_equip2}">
                    <core:Item id="idProEqp2Item_CC" key="{dropDownJsonModel>value}" text="{dropDownJsonModel>value}" />
                    <layoutData>
                      <l:GridData id="idGridData_CC20" span="XL5 L5 M12 S12" />
                    </layoutData>
                    
                  </ComboBox>
                  <Label id="idlblThType_CC" text="{i18n>throwovertyp}" />
                  <ComboBox id="idThrowoverTyp_CC" items="{path :'dropDownJsonModel>/DropdownData', sorter: { path: 'device' }, filters: [{path: 'desc', operator: 'EQ', value1: 'THROWOVER TYPE'}] }"  selectedKey="{oCustomerAttributesJModel>/throw_type}">
                    <core:Item id="idThrowoverTypItem_CC" key="{dropDownJsonModel>value}" text="{dropDownJsonModel>value}" />
                    <layoutData>
                      <l:GridData id="idGridData_CC21" span="XL5 L5 M12 S12" />
                    </layoutData>
                    
                  </ComboBox>


                  <Label id="idlblSrvType_CC" text="{i18n>servicetype}" />
                  <ComboBox id="idServiceType_CC" items="{path :'dropDownJsonModel>/DropdownData', sorter: { path: 'device' }, filters: [{path: 'desc', operator: 'EQ', value1: 'SERVICE TYPE'}] }" selectedKey="{oCustomerAttributesJModel>/srv_type}">
                    <core:Item id="idServiceTypeItem_CC" key="{dropDownJsonModel>value}" text="{dropDownJsonModel>value}" />
                    <layoutData>
                      <l:GridData id="idGridData_CC22" span="XL5 L5 M12 S12" />
                    </layoutData>
                    
                  </ComboBox>
                  <Label id="idlblOnSiteGen_CC" text="{i18n>onsitegen}" />
                  <RadioButtonGroup id="idGeneration_CC" columns="5" class="sapUiMediumMarginBottom">
                    <RadioButton id="Emergency_CC" text="Emergency" />
                    <RadioButton id="Partial_CC" text="Partial" />
                    <RadioButton id="Fullgeneration_CC" text="Full generation" />
                    <RadioButton id="Noonsitegeneration_CC" text="No on-site generation" />
                  </RadioButtonGroup>

                  <!-- <Label id="_IDGenLabel36" text="{i18n>glnx}" visible="false"/>
                  <Input id="_IDGenInput36" visible="false" width="50%" />
                  <Label id="_IDGenLabel37" text="{i18n>glny}" visible="false"/>
                  <Input id="_IDGenInput37" visible="false" width="50%" /> -->
                  <Label id="idlblTotalGen_CC" text="{i18n>totalgen}" /> 
                  <Input id="idGenration_CC" value="{oCustomerAttributesJModel>/generation}" maxLength="225">
                  <layoutData>
                      <l:GridData id="idGridData_CC23" span="XL5 L5 M12 S12" />
                    </layoutData>
                    </Input>
                  <Text id="idkW_CC" text="kW" />
                  <!-- <Label id="idlblOTurl_CC" />
                  <Button id="idOTurl_CC" text="OT url" icon="sap-icon://chain-link" type="Success" press="launchOpentextURL">
                  <layoutData>
                      <l:GridData id="idGridData_CC24" span="XL2 L2 M12 S12" />
                    </layoutData>
                    </Button> -->
                  <!-- <ComboBox id="idgeneration" items="{oServicetype>/}" selectedKey="0" width="50%">
                    <core:Item id="iditemeneration" key="{oServicetype>Key}" text="{oServicetype>value}" />
                  </ComboBox> -->

                </form:content>
              </form:SimpleForm >
            </x:blocks>
          </x:ObjectPageSubSection>
        </x:subSections>
      </x:ObjectPageSection>


      <x:ObjectPageSection id="idObjPageSecComments_CC" titleUppercase="false" title="{i18n>Comments}">
        <x:subSections>
          <x:ObjectPageSubSection id="idSubSecComments_CC" titleUppercase="false"> 
            <x:blocks>
             <form:SimpleForm id="idReqFormComments_CC" editable="true" layout="ResponsiveGridLayout" singleContainerFullSize="false" columnsXL="1" columnsL="1" labelSpanXL="3" labelSpanL="4" labelSpanM="12" labelSpanS="12">
                <form:content>
                  <Label id="idlblComments_CC" text="Comments"/>
                  <TextArea id="idComents_CC" growing="true" showExceededText="true" valueLiveUpdate="true" rows="6"/>
                </form:content>
              </form:SimpleForm > 
              
            </x:blocks>
          </x:ObjectPageSubSection>
        </x:subSections>
      </x:ObjectPageSection>

    </x:sections>   
  </x:ObjectPageLayout> 
</core:FragmentDefinition>
