<core:FragmentDefinition xmlns="sap.m"
  xmlns:core="sap.ui.core"
  xmlns:mvc="sap.ui.core.mvc"
  xmlns:form="sap.ui.layout.form"
  xmlns:l="sap.ui.layout"
  xmlns:f="sap.ui.layout.form"
  xmlns:x="sap.uxap" height="100%"> 

  <x:ObjectPageLayout id="ObjectPageLayout_CC" height="100%" enableLazyLoading="true" useIconTabBar="false" showTitleInHeaderContent="true" upperCaseAnchorBar="false">
    <x:headerTitle>
      <x:ObjectPageDynamicHeaderTitle id="idDynamicHTitle_CC" visible="false"> 
      
      </x:ObjectPageDynamicHeaderTitle>
    </x:headerTitle>

 
    <x:sections>
  <x:ObjectPageSection id="idPageSectionCustomerInfo_CC" titleUppercase="false" title="{i18n>customer_info}" visible="true">
        <x:subSections>
          <x:ObjectPageSubSection id="idCustomerSubSection_CC" titleUppercase="false">
            <x:blocks>
               <form:SimpleForm id="idCustomerInfoReqForm_CC" editable="true" layout="ResponsiveGridLayout" singleContainerFullSize="false" columnsXL="2" columnsL="2" labelSpanXL="4" labelSpanL="4" labelSpanM="12" labelSpanS="12" >
              <form:content>
                <core:Title id="_IDGenTitle1_CC" text=""/>
                <Label id="idlblCustomerName_CC" text="{i18n>customername}" required="true"/>
                <Input id="idCustomerName_CC"  value="{oCustomerAttributesJModel>/cust_name}" maxLength="40">
                <layoutData>
                      <l:GridData id="idGridData_CC" span="XL5 L5 M12 S12" />
                    </layoutData>
                  </Input>   
                <Label id="idlblStreetNo_CC" text="{i18n>streetnumber}" required="true"/>
                <Input id="idStreetno_CC"  value="{oCustomerAttributesJModel>/street_no}" maxLength="10">
                <layoutData>
                      <l:GridData id="idGridData_CC2" span="XL5 L5 M12 S12" />
                    </layoutData>
                  </Input>
                <Label id="idlblStreetAdd_CC" text="{i18n>streeetadd}" required="true"/>
                <Input id="idStreetAdd_CC"  value="{oCustomerAttributesJModel>/street_name}"  maxLength="60">
                <layoutData>
                      <l:GridData id="idGridData_CC3" span="XL5 L5 M12 S12" />
                    </layoutData>
                </Input>
                <Label id="idlblDemolished_site_CC" text="{i18n>Demolished_site}"/>
                <CheckBox id="idDemolished_site_CC" select="onDemolishedChecked" selected="{= ${oCustomerAttributesJModel>/demo_site} === 'X' ? true : false}" /> 
                
                <core:Title id="_IDGenTitle2_CC" text=""/>
                <Label id="idlblEmerConName_CC" text="{i18n>emerencyconname}"/>
                  <Input id="idEmerConName_CC" value="{oCustomerAttributesJModel>/emer_cont_name}" maxLength="40">
                    <layoutData>
                      <l:GridData id="idGridData_CC4" span="XL5 L5 M12 S12" />
                    </layoutData>
                  </Input>
                  <Label id="idlblEmerTitle_CC" text="{i18n>emergencytitle}" />
                  <Input id="idEmerTitle_CC" value="{oCustomerAttributesJModel>/emer_title}" maxLength="4">
                    <layoutData> 
                      <l:GridData id="idGridData_CC5" span="XL5 L5 M12 S12" />
                    </layoutData>
                  </Input>
                  <Label id="idlblEmerPhone_CC" text="{i18n>emerencyphone}" />
                  <Input id="idEmerPhone_CC" value="{oCustomerAttributesJModel>/emer_phone}" maxLength="15">
                    <layoutData>
                      <l:GridData id="idGridData_CC6" span="XL5 L5 M12 S12" />
                    </layoutData>
                  </Input>

              </form:content>
            </form:SimpleForm >
            </x:blocks>
          </x:ObjectPageSubSection>
        </x:subSections>
      </x:ObjectPageSection>
 
      <!-- <x:ObjectPageSection id="idPageSecEmerContact_CC" titleUppercase="false" title="{i18n>emergency_contact}" >
        <x:subSections>
          <x:ObjectPageSubSection id="idSubSecEmerContact_CC" titleUppercase="false">
            <x:blocks>
              <form:SimpleForm id="idrRuestformEmerContact_CC" editable="true" layout="ResponsiveGridLayout" singleContainerFullSize="false" columnsXL="1" columnsL="1" labelSpanXL="3" labelSpanL="4" labelSpanM="12" labelSpanS="12">
                <form:content>
                  <Label id="idlblEmerConName_CC" text="{i18n>emerencyconname}"/>
                  <Input id="idEmerConName_CC" value="{oCustomerAttributesJModel>/emer_cont_name}" maxLength="40">
                    <layoutData>
                      <l:GridData id="idGridData_CC4" span="XL5 L5 M12 S12" />
                    </layoutData>
                  </Input>
                  <Label id="idlblEmerTitle_CC" text="{i18n>emergencytitle}" />
                  <Input id="idEmerTitle_CC" value="{oCustomerAttributesJModel>/emer_title}" maxLength="4">
                    <layoutData> 
                      <l:GridData id="idGridData_CC5" span="XL5 L5 M12 S12" />
                    </layoutData>
                  </Input>
                  <Label id="idlblEmerPhone_CC" text="{i18n>emerencyphone}" />
                  <Input id="idEmerPhone_CC" value="{oCustomerAttributesJModel>/emer_phone}" maxLength="30">
                    <layoutData>
                      <l:GridData id="idGridData_CC6" span="XL5 L5 M12 S12" />
                    </layoutData>
                  </Input>
                </form:content>
              </form:SimpleForm >
            </x:blocks>
          </x:ObjectPageSubSection>
        </x:subSections>
      </x:ObjectPageSection> -->

      <x:ObjectPageSection id="idObjectPageSecH2_CC" titleUppercase="false" title="{i18n>other_cust_details}">
        <x:subSections>
          <x:ObjectPageSubSection id="idSubPageSecH2_CC" titleUppercase="false">
            <x:blocks>
              <form:SimpleForm id="idReqFormH_CC" editable="true" layout="ResponsiveGridLayout" singleContainerFullSize="false" columnsXL="2" columnsL="2" labelSpanXL="4" labelSpanL="4" labelSpanM="12" labelSpanS="12">
                <form:content>
                  <core:Title id="_IDTitleReqFormH1_CC" text=""/>
                  <Label id="idlblNoOfLines_CC" text="{i18n>numberoflines}" />
                  <ComboBox id="idNoOfline_CC" items="{path :'dropDownJsonModel>/DropdownData', sorter: { path: 'device' }, filters: [{path: 'field', operator: 'EQ', value1: 'ZPSO_CD_NOOFLINES'}] }" selectedKey="{oCustomerAttributesJModel>/no_of_lines}">
                    <core:Item id="_IDNolineItem1_CC" key="{dropDownJsonModel>value}" text="{dropDownJsonModel>value}" />
                    <layoutData>
                      <l:GridData id="idGridData_CC10" span="XL5 L5 M12 S12" />
                    </layoutData>
                  </ComboBox>
                  <Label id="idlblPsw_CC" text="{i18n>psw}" />
                  <Input id="idPsw_CC" value="{oCustomerAttributesJModel>/psw}" maxLength="10">
                    <layoutData>
                      <l:GridData id="idGridData_CC11" span="XL5 L5 M12 S12" />
                    </layoutData>
                  </Input>
                  <Label id="idlblSrvCecenter_CC" text="{i18n>servicecenter}" />
                  <ComboBox id="idSrvCenter_CC" items="{path :'dropDownJsonModel>/DropdownData', sorter: { path: 'device' }, filters: [{path: 'field', operator: 'EQ', value1: 'ZPSO_CD_SERVICENTER'}] }" selectedKey="{oCustomerAttributesJModel>/srv_center}">
                    <core:Item id="idSCItem_CC" key="{dropDownJsonModel>value}" text="{dropDownJsonModel>value}" />
                    <layoutData>
                      <l:GridData id="idGridData_CC17" span="XL5 L5 M12 S12" />
                    </layoutData>
                  </ComboBox>
                  <Label id="idlblPrimerySrvRep_CC" text="{i18n>primerysrvrep}" />
                  <ComboBox id="idPSR_CC" items="{path :'dropDownJsonModel>/DropdownData', sorter: { path: 'device' }, filters: [{path: 'field', operator: 'EQ', value1: 'ZPSO_CD_PSR'}] }" selectedKey="{oCustomerAttributesJModel>/psr}">
                    <core:Item id="idPSRItem_CC" key="{dropDownJsonModel>value}" text="{dropDownJsonModel>value}" />
                    <layoutData>
                      <l:GridData id="idGridData_CC18" span="XL5 L5 M12 S12" />
                    </layoutData>
                  </ComboBox>
                  <Label id="idlblOnSiteGen_CC" text="{i18n>onsitegen}" />
                  <ComboBox id="idGeneration_CC" items="{path: 'dropDownJsonModel>/DropdownData', sorter: { path: 'device' }, filters: [
                            {path: 'field', operator: 'EQ', value1: 'ZPSO_CD_GENERATION'}]}" >
                      <core:Item id="_IDGenItemGeneration_CC" key="{dropDownJsonModel>value}" text="{dropDownJsonModel>value}"/>
                  <layoutData>
                      <l:GridData id="idGridData_CCGen" span="XL5 L5 M12 S12" />
                    </layoutData>
                  </ComboBox>
                  <!-- <RadioButtonGroup id="idGeneration_CC" columns="5">
                    <RadioButton id="Emergency_CC" tooltip="Emergency" text="Emergency" />
                    <RadioButton id="Partial_CC" tooltip="Partial" text="Partial" />
                    <RadioButton id="Fullgeneration_CC" tooltip="Full generation" text="Full generation" />
                    <RadioButton id="Noonsitegeneration_CC" tooltip="No on-site generation" text="No on-site generation" />
                  </RadioButtonGroup> -->
                  
                  <Label id="idlblTotalGen_CC" text="{i18n>totalgen}" /> 
                  <Input id="idGenration_CC" value="{oCustomerAttributesJModel>/generation}" maxLength="10">
                  <layoutData>
                      <l:GridData id="idGridData_CC23" span="XL5 L5 M12 S12" />
                    </layoutData>
                    </Input>
                  <Text id="idkW_CC" text="kW" />

                  <core:Title id="_IDTitleReqFormH2_CC" text=""/>
                  <Label id="idlblCreatedBy_CC" text="{i18n>created_by}" /> 
                  <Text id="idCreatedBy_CC" text="{oCustomerAttributesJModel>/created_by}">
                  <layoutData>
                      <l:GridData id="idGridDataCreatedby_CC" span="XL5 L5 M12 S12" />
                    </layoutData>
                  </Text>
                  
                  <Label id="idlblCreatedOn_CC" text="{i18n>create_on}" /> 
                  <Text id="idCreatedOn_CC" text="{oCustomerAttributesJModel>/created_det}">
                  <layoutData>
                      <l:GridData id="idGridDataCreatedon_CC" span="XL5 L5 M12 S12" />
                    </layoutData>
                  </Text>

                  <Label id="idlblModifiedBy_CC" text="{i18n>modified_by}" /> 
                  <Text id="idModifiedBy_CC" text="{oCustomerAttributesJModel>/modified_by}">
                  <layoutData>
                      <l:GridData id="idGridDataModifiedby_CC" span="XL5 L5 M12 S12" />
                    </layoutData>
                  </Text>

                  <Label id="idlblModifiedOn_CC" text="{i18n>modified_on}" /> 
                  <Text id="idModifiedOn_CC" text="{oCustomerAttributesJModel>/modified_det}">
                  <layoutData>
                      <l:GridData id="idGridDataModifiedon_CC" span="XL5 L5 M12 S12" />
                    </layoutData>
                  </Text> 

                  <Label id="idlblBillingEntity_CC" text="{i18n>billing_entity}" /> 
                  <Text id="idBillingEntity_CC" text="{oCustomerAttributesJModel>/conn_obj}">
                  <layoutData>
                      <l:GridData id="idGridBillingEntity_CC" span="XL5 L5 M12 S12" />
                    </layoutData>
                  </Text> 

                </form:content>
              </form:SimpleForm >
            </x:blocks>
          </x:ObjectPageSubSection>
        </x:subSections>
      </x:ObjectPageSection>



      <x:ObjectPageSection id="idObjectPageSecCirInfo_CC" titleUppercase="false" title="{i18n>Circuit_Information}">
        <x:subSections>
          <x:ObjectPageSubSection id="idSubSecCirInfo_CC" titleUppercase="false">
            <x:blocks>
              <form:SimpleForm id="idReqFormCirInfo_CC" editable="true" layout="ResponsiveGridLayout" singleContainerFullSize="false" columnsXL="2" columnsL="2" labelSpanXL="4" labelSpanL="4" labelSpanM="12" labelSpanS="12">
                <form:content>
                  <core:Title id="_IDGenTitle" text=""/>
                  <Label id="idlblDCPLIND_CC"/>
                  <RadioButtonGroup id="idDCPLIND_CC" columns="5" select="onDCPLINDSelect" >
                    <RadioButton id="DC_CC" text="DC" />
                    <RadioButton id="PL_CC" text="PL" />
                    <RadioButton id="IND_CC" text="IND"/>
                  </RadioButtonGroup>
                  <!-- <RadioButtonGroup id="idDCPLIND_CC" columns="5" class="sapUiMediumMarginBottom" select="onDCPLINDSelect" >
                    <RadioButton id="DC_CC" text="DC" selected="{= ${oCustomerAttributesJModel>/dc} === 'X' ? true : false}"/>
                    <RadioButton id="PL_CC" text="PL" selected="{= ${oCustomerAttributesJModel>/pl} === 'X' ? true : false}"/>
                    <RadioButton id="IND_CC" text="IND" selected="{= ${oCustomerAttributesJModel>/na} === 'X' ? true : false}"/>
                  </RadioButtonGroup> -->
                  <Label id="idlblTrans_CC" text="{i18n>trans}" />
                  <Input id="idTrans_CC" value="{oCustomerAttributesJModel>/indus_cust}" visible="{= ${oCustomerAttributesJModel>/na} === 'X' ? true : false}" maxLength="10">
                    <layoutData>
                      <l:GridData id="idGridData_CC12" span="XL5 L5 M12 S12" />
                    </layoutData>  
                  </Input>
                    <Label id="idlblSubstation_CC" text="{i18n>substation}" />
                  <Input id="idSubstation_CC" showValueHelp="true" showSuggestion="true" valueHelpRequest="onHelpSubstation" maxLength="30" value="{oCustomerAttributesJModel>/sub_station}">
                  <!-- <ComboBox id="substation" items="{path :'oSubstationJModel>/oSubstation', sorter: { path: 'device' }}" selectedKey="{oCustomerAttributesJModel>/sub_station}">
                    <core:Item id="_IDGenItem1" key="{oSubstationJModel>substation}" text="{oSubstationJModel>substation}" />-->
                    <layoutData>
                      <l:GridData id="idGridData_CC13" span="XL5 L5 M12 S12" />
                    </layoutData>
                  </Input> 
                  <Label id="idlblCircuit_CC" text="{i18n>circuit}" />
                  <Input id="idCircuit_CC" showValueHelp="true" valueHelpRequest="onHelpCircuit" maxLength="20" value="{oCustomerAttributesJModel>/circuit}" enabled="{= ${oCustomerAttributesJModel>/na} === 'X' ? false : true}">
                  <layoutData>
                      <l:GridData id="idGridData_CC14" span="XL5 L5 M12 S12" />
                    </layoutData>
                  </Input>
                  <Label id="idlblCircuitDoc_CC" text="{i18n>circuitdoc}" />
                  <Input id="idCircuitDoc_CC" value="{oCustomerAttributesJModel>/circuit_doc_id}" maxLength="30">
                  <layoutData>
                      <l:GridData id="idGridData_CC15" span="XL5 L5 M12 S12" />
                    </layoutData>
                    </Input>
                  <Label id="idlblSketchNo_CC" text="{i18n>sketchno}" />
                  <Input id="idSketchNo_CC" value="{oCustomerAttributesJModel>/sketch_no}" maxLength="18">
                    <layoutData>
                      <l:GridData id="idGridData_CC9" span="XL5 L5 M12 S12" />
                    </layoutData>
                  </Input>
                  
                  <Label id="idlblPsCableno_CC" text="{i18n>pscableno}" />
                  <Input id="idPsCableno_CC" value="{oCustomerAttributesJModel>/cable_no}" maxLength="10">
                  <layoutData>
                      <l:GridData id="idGridData_CC16" span="XL5 L5 M12 S12" />
                    </layoutData>
                    </Input>

                  <Label id="idlblThType_CC" text="{i18n>throwovertyp}" />
                  <ComboBox id="idThrowoverTyp_CC" items="{path :'dropDownJsonModel>/DropdownData', sorter: { path: 'device' }, filters: [{path: 'field', operator: 'EQ', value1: 'ZPSO_CD_THROWTYPE'}] }"  selectedKey="{oCustomerAttributesJModel>/throw_type}">
                    <core:Item id="idThrowoverTypItem_CC" key="{dropDownJsonModel>value}" text="{dropDownJsonModel>value}" />
                    <layoutData>
                      <l:GridData id="idGridData_CC21" span="XL5 L5 M12 S12" />
                    </layoutData>
                    
                  </ComboBox>
                  <Label id="idlblProEqp1_CC" text="{i18n>protectiveeqp1}" />
                  <ComboBox id="idProEqp1_CC" items="{path :'dropDownJsonModel>/DropdownData', sorter: { path: 'device' }, filters: [{path: 'field', operator: 'EQ', value1: 'ZPSO_CD_PROEQUIP1'}] }" selectedKey="{oCustomerAttributesJModel>/prot_equip1}">
                      <core:Item id="idProEqp1Item_CC" key="{dropDownJsonModel>value}" text="{dropDownJsonModel>value}" />
                    <layoutData>
                      <l:GridData id="idGridData_CC19" span="XL5 L5 M12 S12" />
                    </layoutData>
                    </ComboBox>
                  <Label id="idlblProEqp2_CC" text="{i18n>protectiveeqp2}" />
                  <ComboBox id="idProEqp2_CC" items="{path :'dropDownJsonModel>/DropdownData', sorter: { path: 'device' }, filters: [{path: 'field', operator: 'EQ', value1: 'ZPSO_CD_PROEQUIP2'}] }" selectedKey="{oCustomerAttributesJModel>/prot_equip2}">
                    <core:Item id="idProEqp2Item_CC" key="{dropDownJsonModel>value}" text="{dropDownJsonModel>value}" />
                    <layoutData>
                      <l:GridData id="idGridData_CC20" span="XL5 L5 M12 S12" />
                    </layoutData>
                  </ComboBox>
                  <Label id="idlblSrvType_CC" text="{i18n>servicetype}" />
                  <ComboBox id="idServiceType_CC" items="{path :'dropDownJsonModel>/DropdownData', sorter: { path: 'device' }, filters: [{path: 'field', operator: 'EQ', value1: 'ZPSO_CD_SERVICETYPE'}] }" selectedKey="{oCustomerAttributesJModel>/srv_type}">
                    <core:Item id="idServiceTypeItem_CC" key="{dropDownJsonModel>value}" text="{dropDownJsonModel>value}" />
                    <layoutData>
                      <l:GridData id="idGridData_CC22" span="XL5 L5 M12 S12" />
                    </layoutData>
                  </ComboBox>
                  <Label id="idlblSectPoint_CC" text="{i18n>sectpoint}" />
                  <Input id="idSectPoint_CC" value="{oCustomerAttributesJModel>/sect_point}" maxLength="15">
                    <layoutData>
                      <l:GridData id="idGridData_CC8" span="XL5 L5 M12 S12" />
                    </layoutData>
                  </Input>
                  <Label id="idlblPswdocid_CC" text="{i18n>pswdocid}" />
                  <Input id="idPswdocid_CC" value="{oCustomerAttributesJModel>/doc_id}" maxLength="30">
                    <layoutData>
                      <l:GridData id="idGridData_CC7" span="XL5 L5 M12 S12" />
                    </layoutData>
                  </Input>
                  
                  <Label id="idlblComments_CC" text="Comments"/>
                  <TextArea id="idComents_CC" growing="true" value="{oCustomerAttributesJModel>/comments}" showExceededText="false" rows="4" maxLength="1300">
                  <layoutData>
                      <l:GridData id="idGridData_DC24" span="XL5 L5 M12 S12" />
                    </layoutData>
                  </TextArea>
    
                  <core:Title id="_IDGenTitle2" text=""/> 
                   <Label id="idlblDCPLIND_CC2"/>
                  <RadioButtonGroup id="idDCPLIND_CC2" columns="5" select="onDCPLINDSelect2" >
                    <RadioButton id="DC_CC2" text="DC" />
                    <RadioButton id="PL_CC2" text="PL" />
                    <RadioButton id="IND_CC2" text="IND"/>
                  </RadioButtonGroup>
                  <Label id="idlblTrans_CC2" text="{i18n>trans}" />
                  <Input id="idTrans_CC2" maxLength="10" value="{oCustomerAttributesJModel>/indus_cust2}" visible="{= ${oCustomerAttributesJModel>/na2} === 'X' ? true : false}" >
                    <layoutData>
                      <l:GridData id="idGridData2_CC12" span="XL5 L5 M12 S12" />
                    </layoutData>  
                  </Input>
                    <Label id="idlblSubstation2_CC" text="{i18n>substation}" />
                  <Input id="idSubstation2_CC2" showValueHelp="true" showSuggestion="true" valueHelpRequest="onHelpSubstation2" maxLength="30" value="{oCustomerAttributesJModel>/sub_station2}">
                  <layoutData>
                      <l:GridData id="idGridData2_CC13" span="XL5 L5 M12 S12" />
                    </layoutData>
                  </Input>  
                  <Label id="idlblCircuit2_CC" text="{i18n>circuit}" />
                  <Input id="idCircuit2_CC" showValueHelp="true" valueHelpRequest="onHelpCircuit2" maxLength="20" value="{oCustomerAttributesJModel>/circuit2}" enabled="{= ${oCustomerAttributesJModel>/na2} === 'X' ? false : true}">
                  <layoutData>
                      <l:GridData id="idGridData2_CC14" span="XL5 L5 M12 S12" />
                    </layoutData>
                  </Input>
                  <Label id="idlblCircuitDoc2_CC" text="{i18n>circuitdoc}" />
                  <Input id="idCircuitDoc2_CC" value="{oCustomerAttributesJModel>/circuit_doc_id2}" maxLength="30">
                  <layoutData>
                      <l:GridData id="idGridData2_CC15" span="XL5 L5 M12 S12" />
                    </layoutData>
                    </Input>
                  <Label id="idlblSketchNo2_CC" text="{i18n>sketchno}" />
                  <Input id="idSketchNo2_CC" value="{oCustomerAttributesJModel>/sketch_no2}" maxLength="18">
                    <layoutData>
                      <l:GridData id="idGridData2_CC9" span="XL5 L5 M12 S12" />
                    </layoutData>
                  </Input>
                  
                  
                  <Label id="idlblPsCableno2_CC" text="{i18n>pscableno}" />
                  <Input id="idPsCableno2_CC" value="{oCustomerAttributesJModel>/cable_no2}" maxLength="10">
                  <layoutData>
                      <l:GridData id="idGridData2_CC16" span="XL5 L5 M12 S12" />
                    </layoutData>
                    </Input>

                  <Label id="idlblThType2_CC" text="{i18n>throwovertyp}" />
                  <ComboBox id="idThrowoverTyp2_CC" items="{path :'dropDownJsonModel>/DropdownData', sorter: { path: 'device' }, filters: [{path: 'field', operator: 'EQ', value1: 'ZPSO_CD_THROWTYPE'}] }"  selectedKey="{oCustomerAttributesJModel>/throw_type2}">
                    <core:Item id="idThrowoverTypItem2_CC" key="{dropDownJsonModel>value}" text="{dropDownJsonModel>value}" />
                    <layoutData>
                      <l:GridData id="idGridData2_CC21" span="XL5 L5 M12 S12" />
                    </layoutData> 
                  </ComboBox>
                  <Label id="idlblProEqp1_CC2" text="{i18n>protectiveeqp1}" />
                  <ComboBox id="idProEqp1_CC2" items="{path :'dropDownJsonModel>/DropdownData', sorter: { path: 'device' }, filters: [{path: 'field', operator: 'EQ', value1: 'ZPSO_CD_PROEQUIP1'}] }" selectedKey="{oCustomerAttributesJModel>/prot_equip1_2}">
                      <core:Item id="idProEqp1Item2_CC" key="{dropDownJsonModel>value}" text="{dropDownJsonModel>value}" />
                    <layoutData>
                      <l:GridData id="idGridData2_CC19" span="XL5 L5 M12 S12" />
                    </layoutData>
                    </ComboBox>
                  <Label id="idlblProEqp2_CC2" text="{i18n>protectiveeqp2}" />
                  <ComboBox id="idProEqp2_CC2" items="{path :'dropDownJsonModel>/DropdownData', sorter: { path: 'device' }, filters: [{path: 'field', operator: 'EQ', value1: 'ZPSO_CD_PROEQUIP2'}] }" selectedKey="{oCustomerAttributesJModel>/prot_equip2_2}">
                    <core:Item id="idProEqp2Item_CC2" key="{dropDownJsonModel>value}" text="{dropDownJsonModel>value}" />
                    <layoutData>
                      <l:GridData id="idGridData2_CC20" span="XL5 L5 M12 S12" />
                    </layoutData>
                  </ComboBox>
                   <Label id="idlblSrvType2_CC" text="{i18n>servicetype}" />
                  <ComboBox id="idServiceType2_CC" items="{path :'dropDownJsonModel>/DropdownData', sorter: { path: 'device' }, filters: [{path: 'field', operator: 'EQ', value1: 'ZPSO_CD_SERVICETYPE'}] }" selectedKey="{oCustomerAttributesJModel>/srv_type2}">
                    <core:Item id="idServiceTypeItem2_CC" key="{dropDownJsonModel>value}" text="{dropDownJsonModel>value}" />
                    <layoutData>
                      <l:GridData id="idGridData2_CC22" span="XL5 L5 M12 S12" />
                    </layoutData>    
                  </ComboBox>
                  <Label id="idlblSectPoint2_CC" text="{i18n>sectpoint}" />
                  <Input id="idSectPoint2_CC" value="{oCustomerAttributesJModel>/sect_point2}" maxLength="15">
                    <layoutData>
                      <l:GridData id="idGridData2_CC8" span="XL5 L5 M12 S12" />
                    </layoutData>
                  </Input>
                  <Label id="idlblPswdocid2_CC" text="{i18n>pswdocid}" />
                  <Input id="idPswdocid2_CC" value="{oCustomerAttributesJModel>/doc_id2}" maxLength="30">
                    <layoutData>
                      <l:GridData id="idGridData2_CC7" span="XL5 L5 M12 S12" />
                    </layoutData>
                  </Input>
                  <Label id="idlblComments2_CC" text="Comments"/>
                  <TextArea id="idComents2_CC" growing="true" value="{oCustomerAttributesJModel>/comments2}" showExceededText="false"  rows="4" maxLength="1300">
                  <layoutData>
                      <l:GridData id="idGridData2_DC25" span="XL5 L5 M12 S12" />
                    </layoutData>
                    </TextArea>

                </form:content>
              </form:SimpleForm >
            </x:blocks>
          </x:ObjectPageSubSection>
        </x:subSections>
      </x:ObjectPageSection>


      <!-- <x:ObjectPageSection id="idObjectPageSecH4_CC" titleUppercase="false" title="{i18n>Equipment_and_Gene}">
        <x:subSections>
          <x:ObjectPageSubSection id="idSubSecH4_CC" titleUppercase="false">
            <x:blocks>
              <form:SimpleForm id="idReqFormH4_CC" editable="true" layout="ResponsiveGridLayout" singleContainerFullSize="false" columnsXL="1" columnsL="1" labelSpanXL="3" labelSpanL="4" labelSpanM="12" labelSpanS="12">
                <form:content> 

                  

                </form:content>
              </form:SimpleForm >
            </x:blocks>
          </x:ObjectPageSubSection>
        </x:subSections>
      </x:ObjectPageSection> -->


      <!-- <x:ObjectPageSection id="idObjPageSecComments_CC" titleUppercase="false" title="{i18n>Comments}">
        <x:subSections>
          <x:ObjectPageSubSection id="idSubSecComments_CC" titleUppercase="false"> 
            <x:blocks>
             <form:SimpleForm id="idReqFormComments_CC" editable="true" layout="ResponsiveGridLayout" singleContainerFullSize="false" columnsXL="1" columnsL="1" labelSpanXL="3" labelSpanL="4" labelSpanM="12" labelSpanS="12">
                <form:content>
                  
                </form:content>
              </form:SimpleForm > 
              
            </x:blocks>
          </x:ObjectPageSubSection>
        </x:subSections>
      </x:ObjectPageSection> -->

    </x:sections>   
  </x:ObjectPageLayout> 
</core:FragmentDefinition>
