{
  "controller/CustomerDetails-dbg.controller.js": 1726215907504,
  "utils/Formatter.js": 1726218037100,
  "model/models.js": 1723317343525,
  "controller/SearchCustomer.controller.js": 1726221318114,
  "controller/CustomerSpecials.controller.js": 1726156402065,
  "controller/CustomerDetails.controller.js": 1726215907504,
  "controller/App.controller.js": 1723317343529,
  "manifest.json": 1726221954043,
  "Component.js": 1725977475227,
  "utils/Formatter-dbg.js": 1726218037100,
  "utils/Formatter.js.map": 1726221954241,
  "model/models-dbg.js": 1723317343525,
  "model/models.js.map": 1726221954238,
  "controller/SearchCustomer-dbg.controller.js": 1726221318114,
  "controller/SearchCustomer.controller.js.map": 1726221954444,
  "controller/CustomerSpecials-dbg.controller.js": 1726156402065,
  "controller/CustomerSpecials.controller.js.map": 1726221954287,
  "i18n/i18n.properties": 1726215164892,
  "controller/CustomerDetails.controller.js.map": 1726221954447,
  "controller/App-dbg.controller.js": 1723317343529,
  "controller/App.controller.js.map": 1726221954245,
  "Component-dbg.js": 1725977475227,
  "Component.js.map": 1726221954260,
  "Component-preload.js": 1726221955187,
  "Component-preload.js.map": 1726221955187,
  "view/SearchCustomer.view.xml": 1726058810468,
  "view/CustomerSpecials.view.xml": 1725219950109,
  "view/CustomerDetails.view.xml": 1726214982258,
  "view/App.view.xml": 1723317343529,
  "fragment/TableSort.fragment.xml": 1725263013785,
  "fragment/SearchCustomerTable.fragment.xml": 1726216065350,
  "fragment/SearchCustomerFilters.fragment.xml": 1726057539403,
  "fragment/DisplaySpecials.fragment.xml": 1726154810409,
  "fragment/DisplayChildFloc.fragment.xml": 1726221892548,
  "fragment/CreateSpecials.fragment.xml": 1726155371379,
  "fragment/CreateServiceTicket.fragment.xml": 1726217760128,
  "fragment/CreateChildFloc.fragment.xml": 1726215817235,
  "fragment/ColumnFilters.fragment.xml": 1725262374656,
  "css/style.css": 1726149628993,
  "index.html": 1726215148176
}