{
  "controller/App.controller.js.map": 1729524266368,
  "controller/CustomerDetails.controller.js": 1729502656890,
  "model/models.js": 1727688337679,
  "controller/SearchCustomer.controller.js": 1729518207690,
  "controller/CustomerSpecials.controller.js": 1729519023450,
  "utils/Formatter.js": 1727958328454,
  "controller/App.controller.js": 1727688337675,
  "manifest.json": 1729524266095,
  "Component.js": 1727688337675,
  "controller/CustomerSpecials-dbg.controller.js": 1729519023450,
  "controller/CustomerSpecials.controller.js.map": 1729524266576,
  "model/models-dbg.js": 1727688337679,
  "model/models.js.map": 1729524266357,
  "controller/SearchCustomer-dbg.controller.js": 1729518207690,
  "controller/SearchCustomer.controller.js.map": 1729524266573,
  "controller/CustomerDetails-dbg.controller.js": 1729502656890,
  "controller/CustomerDetails.controller.js.map": 1729524266665,
  "utils/Formatter-dbg.js": 1727958328454,
  "utils/Formatter.js.map": 1729524266366,
  "controller/App-dbg.controller.js": 1727688337675,
  "i18n/i18n.properties": 1729507006361,
  "Component-dbg.js": 1727688337675,
  "Component.js.map": 1729524266390,
  "Component-preload.js": 1729524267070,
  "Component-preload.js.map": 1729524267070,
  "view/SearchCustomer.view.xml": 1727688337679,
  "view/CustomerSpecials.view.xml": 1727688337679,
  "view/CustomerDetails.view.xml": 1727986649135,
  "view/App.view.xml": 1727688337679,
  "fragment/TableSort.fragment.xml": 1728304676387,
  "fragment/SearchCustomerTable.fragment.xml": 1727688337679,
  "fragment/SearchCustomerFilters.fragment.xml": 1729518234114,
  "fragment/DisplaySpecials.fragment.xml": 1729524189182,
  "fragment/DisplayChildFloc.fragment.xml": 1728034307566,
  "fragment/CreateSpecials.fragment.xml": 1729523669972,
  "fragment/CreateServiceTicket.fragment.xml": 1728891372731,
  "fragment/CreateChildFloc.fragment.xml": 1728892664530,
  "fragment/ColumnFilters.fragment.xml": 1727688337679,
  "css/style.css": 1728037025719,
  "index.html": 1727688337679
}