{
  "i18n/i18n.properties": 1727688337679,
  "controller/CustomerSpecials.controller.js": 1727697080023,
  "model/models.js": 1727688337679,
  "controller/SearchCustomer.controller.js": 1727688337679,
  "utils/Formatter.js": 1727688337679,
  "controller/CustomerDetails.controller.js": 1727691266589,
  "controller/App.controller.js": 1727688337675,
  "manifest.json": 1727697486487,
  "Component.js": 1727688337675,
  "controller/CustomerSpecials-dbg.controller.js": 1727697080023,
  "controller/CustomerSpecials.controller.js.map": 1727697486857,
  "model/models-dbg.js": 1727688337679,
  "model/models.js.map": 1727697486753,
  "controller/SearchCustomer-dbg.controller.js": 1727688337679,
  "controller/SearchCustomer.controller.js.map": 1727697486923,
  "utils/Formatter-dbg.js": 1727688337679,
  "utils/Formatter.js.map": 1727697486745,
  "controller/CustomerDetails-dbg.controller.js": 1727691266589,
  "controller/CustomerDetails.controller.js.map": 1727697486994,
  "controller/App-dbg.controller.js": 1727688337675,
  "controller/App.controller.js.map": 1727697486756,
  "Component-dbg.js": 1727688337675,
  "Component.js.map": 1727697486776,
  "Component-preload.js": 1727697487361,
  "Component-preload.js.map": 1727697487362,
  "view/SearchCustomer.view.xml": 1727688337679,
  "view/CustomerSpecials.view.xml": 1727688337679,
  "view/CustomerDetails.view.xml": 1727688337679,
  "view/App.view.xml": 1727688337679,
  "fragment/TableSort.fragment.xml": 1727688337679,
  "fragment/SearchCustomerTable.fragment.xml": 1727688337679,
  "fragment/SearchCustomerFilters.fragment.xml": 1727688337679,
  "fragment/DisplaySpecials.fragment.xml": 1727696919687,
  "fragment/DisplayChildFloc.fragment.xml": 1727688337679,
  "fragment/CreateSpecials.fragment.xml": 1727691186053,
  "fragment/CreateServiceTicket.fragment.xml": 1727688337679,
  "fragment/CreateChildFloc.fragment.xml": 1727688337679,
  "fragment/ColumnFilters.fragment.xml": 1727688337679,
  "css/style.css": 1727688337679,
  "index.html": 1727688337679
}