{
  "Component.js": 1727688337675,
  "controller/CustomerSpecials.controller.js": 1728507955276,
  "model/models.js": 1727688337679,
  "controller/SearchCustomer.controller.js": 1727688337679,
  "utils/Formatter.js": 1727958328454,
  "controller/CustomerSpecials.controller copy.js": 1728507501441,
  "controller/CustomerDetails.controller.js": 1728458518775,
  "controller/App.controller.js": 1727688337675,
  "manifest.json": 1728549116667,
  "i18n/i18n.properties": 1728048509051,
  "utils/Formatter-dbg.js": 1727958328454,
  "utils/Formatter.js.map": 1728549116980,
  "model/models-dbg.js": 1727688337679,
  "model/models.js.map": 1728549116985,
  "controller/SearchCustomer-dbg.controller.js": 1727688337679,
  "controller/SearchCustomer.controller.js.map": 1728549117238,
  "controller/CustomerSpecials-dbg.controller.js": 1728507955276,
  "controller/CustomerSpecials.controller.js.map": 1728549117168,
  "controller/CustomerSpecials.controller copy-dbg.js": 1728507501441,
  "controller/CustomerSpecials.controller copy.js.map": 1728549117212,
  "controller/CustomerDetails-dbg.controller.js": 1728458518775,
  "controller/CustomerDetails.controller.js.map": 1728549117331,
  "controller/App-dbg.controller.js": 1727688337675,
  "controller/App.controller.js.map": 1728549117177,
  "Component-dbg.js": 1727688337675,
  "Component.js.map": 1728549117201,
  "Component-preload.js": 1728549117855,
  "Component-preload.js.map": 1728549117856,
  "view/SearchCustomer.view.xml": 1727688337679,
  "view/CustomerSpecials.view.xml": 1727688337679,
  "view/CustomerDetails.view.xml": 1727986649135,
  "view/App.view.xml": 1727688337679,
  "fragment/TableSort.fragment.xml": 1728304676387,
  "fragment/SearchCustomerTable.fragment.xml": 1727688337679,
  "fragment/SearchCustomerFilters.fragment.xml": 1727954507078,
  "fragment/DisplaySpecials.fragment.xml": 1728546168970,
  "fragment/DisplayChildFloc.fragment.xml": 1728034307566,
  "fragment/CreateSpecials.fragment.xml": 1728481822495,
  "fragment/CreateServiceTicket.fragment.xml": 1728375623628,
  "fragment/CreateChildFloc.fragment.xml": 1727955163688,
  "fragment/ColumnFilters.fragment.xml": 1727688337679,
  "css/style.css": 1728037025719,
  "index.html": 1727688337679
}