{
  "controller/App.controller.js": 1727688337675,
  "utils/Formatter.js": 1727958328454,
  "model/models.js": 1727688337679,
  "controller/SearchCustomer.controller.js": 1729518207690,
  "controller/CustomerSpecials.controller.js": 1729519023450,
  "controller/CustomerDetails.controller.js": 1729587044276,
  "i18n/i18n.properties": 1729662317889,
  "manifest.json": 1729662446160,
  "Component.js": 1727688337675,
  "Component-dbg.js": 1727688337675,
  "Component.js.map": 1729662446341,
  "model/models-dbg.js": 1727688337679,
  "model/models.js.map": 1729662446387,
  "controller/SearchCustomer-dbg.controller.js": 1729518207690,
  "controller/SearchCustomer.controller.js.map": 1729662446524,
  "controller/CustomerSpecials-dbg.controller.js": 1729519023450,
  "controller/CustomerSpecials.controller.js.map": 1729662446433,
  "controller/CustomerDetails-dbg.controller.js": 1729587044276,
  "controller/CustomerDetails.controller.js.map": 1729662446585,
  "controller/App-dbg.controller.js": 1727688337675,
  "controller/App.controller.js.map": 1729662446389,
  "utils/Formatter-dbg.js": 1727958328454,
  "utils/Formatter.js.map": 1729662446395,
  "Component-preload.js": 1729662446898,
  "Component-preload.js.map": 1729662446898,
  "view/SearchCustomer.view.xml": 1727688337679,
  "view/CustomerSpecials.view.xml": 1727688337679,
  "view/CustomerDetails.view.xml": 1729662340529,
  "view/App.view.xml": 1727688337679,
  "fragment/TableSort.fragment.xml": 1728304676387,
  "fragment/SearchCustomerTable.fragment.xml": 1727688337679,
  "fragment/SearchCustomerFilters.fragment.xml": 1729518234114,
  "fragment/DisplaySpecials.fragment.xml": 1729524189182,
  "fragment/DisplayChildFloc.fragment.xml": 1728034307566,
  "fragment/CreateSpecials.fragment.xml": 1729592122867,
  "fragment/CreateServiceTicket.fragment.xml": 1728891372731,
  "fragment/CreateChildFloc.fragment.xml": 1728892664530,
  "fragment/ColumnFilters.fragment.xml": 1727688337679,
  "css/style.css": 1728037025719,
  "index.html": 1727688337679
}