{
  "Component-preload.js.map": 1725654019753,
  "controller/SearchCustomer.controller.js": 1725652481444,
  "utils/Formatter.js": 1724308591830,
  "model/models.js": 1723317343525,
  "controller/CustomerSpecials.controller.js": 1725283048792,
  "controller/CustomerDetails.controller.js": 1725653912558,
  "controller/App.controller.js": 1723317343529,
  "manifest.json": 1725654019251,
  "Component.js": 1725481435597,
  "Component-dbg.js": 1725481435597,
  "Component.js.map": 1725654019433,
  "utils/Formatter-dbg.js": 1724308591830,
  "utils/Formatter.js.map": 1725654019426,
  "model/models-dbg.js": 1723317343525,
  "model/models.js.map": 1725654019429,
  "controller/CustomerSpecials-dbg.controller.js": 1725283048792,
  "controller/CustomerSpecials.controller.js.map": 1725654019452,
  "controller/CustomerDetails-dbg.controller.js": 1725653912558,
  "controller/CustomerDetails.controller.js.map": 1725654019549,
  "controller/App-dbg.controller.js": 1723317343529,
  "controller/App.controller.js.map": 1725654019436,
  "controller/SearchCustomer-dbg.controller.js": 1725652481444,
  "controller/SearchCustomer.controller.js.map": 1725654019553,
  "Component-preload.js": 1725654019753,
  "i18n/i18n.properties": 1725618656070,
  "view/SearchCustomer.view.xml": 1725361671861,
  "view/CustomerSpecials.view.xml": 1725219950109,
  "view/CustomerDetails.view.xml": 1725608750309,
  "view/App.view.xml": 1723317343529,
  "fragment/TableSort.fragment.xml": 1725263013785,
  "fragment/DisplaySpecials.fragment.xml": 1724922606998,
  "fragment/DisplayChildFloc.fragment.xml": 1725632612194,
  "fragment/CreateSpecials.fragment.xml": 1724921411296,
  "fragment/CreateServiceTicket.fragmentcopy.xml": 1725624004199,
  "fragment/CreateServiceTicket.fragment.xml": 1725628316455,
  "fragment/CreateChildFloc.fragment.xml": 1725617307008,
  "fragment/ColumnFilters.fragment.xml": 1725262374656,
  "css/style.css": 1724936277023,
  "index.html": 1724350066889
}