{
  "controller/App-dbg.controller.js": 1723317343529,
  "controller/CustomerDetails.controller.js": 1725555126271,
  "model/models.js": 1723317343525,
  "controller/SearchCustomer.controller.js": 1725525767589,
  "controller/CustomerSpecials.controller.js": 1725283048792,
  "utils/Formatter.js": 1724308591830,
  "controller/App.controller.js": 1723317343529,
  "manifest.json": 1725559102979,
  "Component.js": 1725481435597,
  "model/models-dbg.js": 1723317343525,
  "model/models.js.map": 1725559103133,
  "controller/CustomerDetails-dbg.controller.js": 1725555126271,
  "controller/CustomerDetails.controller.js.map": 1725559103307,
  "controller/SearchCustomer-dbg.controller.js": 1725525767589,
  "controller/SearchCustomer.controller.js.map": 1725559103301,
  "controller/CustomerSpecials-dbg.controller.js": 1725283048792,
  "controller/CustomerSpecials.controller.js.map": 1725559103209,
  "utils/Formatter-dbg.js": 1724308591830,
  "utils/Formatter.js.map": 1725559103138,
  "i18n/i18n.properties": 1725527943408,
  "controller/App.controller.js.map": 1725559103178,
  "Component-dbg.js": 1725481435597,
  "Component.js.map": 1725559103188,
  "Component-preload.js": 1725559103823,
  "Component-preload.js.map": 1725559103823,
  "view/SearchCustomer.view.xml": 1725361671861,
  "view/CustomerSpecials.view.xml": 1725219950109,
  "view/CustomerDetails.view.xml": 1725363695398,
  "view/App.view.xml": 1723317343529,
  "fragment/TableSort.fragment.xml": 1725263013785,
  "fragment/DisplaySpecials.fragment.xml": 1724922606998,
  "fragment/DisplayChildFloc.fragment.xml": 1725539683973,
  "fragment/CreateSpecials.fragment.xml": 1724921411296,
  "fragment/CreateServiceTicket.fragmentcopy.xml": 1724849300442,
  "fragment/CreateServiceTicket.fragment.xml": 1724936288883,
  "fragment/CreateChildFloc.fragment.xml": 1725524859997,
  "fragment/ColumnFilters.fragment.xml": 1725262374656,
  "css/style.css": 1724936277023,
  "index.html": 1724350066889
}