{
  "fragment/SearchCustomerTable.fragment.xml": 1727688337679,
  "Component.js": 1727688337675,
  "model/models.js": 1727688337679,
  "controller/SearchCustomer.controller.js": 1729518207690,
  "controller/CustomerSpecials.controller.js": 1729519023450,
  "controller/CustomerDetails.controller.js": 1729755125633,
  "controller/App.controller.js": 1727688337675,
  "manifest.json": 1729758063889,
  "utils/Formatter.js": 1727958328454,
  "controller/SearchCustomer-dbg.controller.js": 1729518207690,
  "controller/SearchCustomer.controller.js.map": 1729758064280,
  "model/models-dbg.js": 1727688337679,
  "model/models.js.map": 1729758064077,
  "Component-dbg.js": 1727688337675,
  "Component.js.map": 1729758064095,
  "controller/CustomerSpecials-dbg.controller.js": 1729519023450,
  "controller/CustomerSpecials.controller.js.map": 1729758064211,
  "controller/CustomerDetails-dbg.controller.js": 1729755125633,
  "controller/CustomerDetails.controller.js.map": 1729758064317,
  "controller/App-dbg.controller.js": 1727688337675,
  "controller/App.controller.js.map": 1729758064098,
  "utils/Formatter-dbg.js": 1727958328454,
  "utils/Formatter.js.map": 1729758064105,
  "Component-preload.js": 1729758064568,
  "Component-preload.js.map": 1729758064568,
  "view/SearchCustomer.view.xml": 1727688337679,
  "view/CustomerSpecials.view.xml": 1727688337679,
  "view/CustomerDetails.view.xml": 1729662340529,
  "view/App.view.xml": 1727688337679,
  "fragment/TableSort.fragment.xml": 1728304676387,
  "i18n/i18n.properties": 1729662317889,
  "fragment/SearchCustomerFilters.fragment.xml": 1729518234114,
  "fragment/DisplaySpecials.fragment.xml": 1729755647246,
  "fragment/DisplayChildFloc.fragment.xml": 1728034307566,
  "fragment/CreateSpecials.fragment.xml": 1729757638374,
  "fragment/CreateServiceTicket.fragment.xml": 1728891372731,
  "fragment/CreateChildFloc.fragment.xml": 1728892664530,
  "fragment/ColumnFilters.fragment.xml": 1727688337679,
  "css/style.css": 1729757995925,
  "index.html": 1727688337679
}