{
  "view/App.view.xml": 1723317343529,
  "model/models.js": 1723317343525,
  "utils/Formatter.js": 1724308591830,
  "controller/SearchCustomer.controller.js": 1725005971125,
  "controller/CustomerSpecials.controller.js": 1725015610841,
  "controller/CustomerDetails.controller.js": 1725007617717,
  "controller/App.controller.js": 1723317343529,
  "manifest.json": 1725018904797,
  "Component.js": 1724770016518,
  "model/models-dbg.js": 1723317343525,
  "model/models.js.map": 1725018904987,
  "utils/Formatter-dbg.js": 1724308591830,
  "utils/Formatter.js.map": 1725018904982,
  "controller/SearchCustomer-dbg.controller.js": 1725005971125,
  "controller/SearchCustomer.controller.js.map": 1725018905108,
  "controller/CustomerSpecials-dbg.controller.js": 1725015610841,
  "controller/CustomerSpecials.controller.js.map": 1725018905072,
  "controller/CustomerDetails-dbg.controller.js": 1725007617717,
  "controller/CustomerDetails.controller.js.map": 1725018905114,
  "controller/App-dbg.controller.js": 1723317343529,
  "controller/App.controller.js.map": 1725018904990,
  "Component-dbg.js": 1724770016518,
  "Component.js.map": 1725018905001,
  "Component-preload.js": 1725018905389,
  "Component-preload.js.map": 1725018905390,
  "view/SearchCustomer.view.xml": 1725003207832,
  "view/CustomerSpecials.view.xml": 1724960029560,
  "view/CustomerDetails.view.xml": 1725006726208,
  "i18n/i18n.properties": 1725013169294,
  "fragment/Test.fragment.xml": 1724314943054,
  "fragment/TableSort.fragment.xml": 1725005981673,
  "fragment/DisplaySpecials.fragment.xml": 1724922606998,
  "fragment/DisplayChildFloc.fragment.xml": 1725008642436,
  "fragment/CreateSpecials.fragment.xml": 1724921411296,
  "fragment/CreateServiceTicket.fragmentcopy.xml": 1724849300442,
  "fragment/CreateServiceTicket.fragment.xml": 1724936288883,
  "fragment/CreateChildFloc.fragment.xml": 1725009913231,
  "fragment/ColumnFilters.fragment.xml": 1725005037379,
  "css/style.css": 1724936277023,
  "index.html": 1724350066889
}