{
  "Component-preload.js": 1728404645837,
  "manifest.json": 1728404644801,
  "model/models.js": 1727688337679,
  "controller/SearchCustomer.controller.js": 1727688337679,
  "controller/CustomerSpecials.controller.js": 1728295512597,
  "controller/CustomerDetails.controller.js": 1728404082971,
  "controller/App.controller.js": 1727688337675,
  "utils/Formatter.js": 1727958328454,
  "Component.js": 1727688337675,
  "controller/CustomerSpecials-dbg.controller.js": 1728295512597,
  "controller/CustomerSpecials.controller.js.map": 1728404645216,
  "controller/SearchCustomer-dbg.controller.js": 1727688337679,
  "controller/SearchCustomer.controller.js.map": 1728404645270,
  "model/models-dbg.js": 1727688337679,
  "model/models.js.map": 1728404645096,
  "controller/CustomerDetails-dbg.controller.js": 1728404082971,
  "controller/CustomerDetails.controller.js.map": 1728404645334,
  "controller/App-dbg.controller.js": 1727688337675,
  "controller/App.controller.js.map": 1728404645100,
  "utils/Formatter-dbg.js": 1727958328454,
  "utils/Formatter.js.map": 1728404645109,
  "Component-dbg.js": 1727688337675,
  "Component.js.map": 1728404645120,
  "i18n/i18n.properties": 1728048509051,
  "Component-preload.js.map": 1728404645838,
  "view/SearchCustomer.view.xml": 1727688337679,
  "view/CustomerSpecials.view.xml": 1727688337679,
  "view/CustomerDetails.view.xml": 1727986649135,
  "view/App.view.xml": 1727688337679,
  "fragment/TableSort.fragment.xml": 1728304676387,
  "fragment/SearchCustomerTable.fragment.xml": 1727688337679,
  "fragment/SearchCustomerFilters.fragment.xml": 1727954507078,
  "fragment/DisplaySpecials.fragment.xml": 1728284111749,
  "fragment/DisplayChildFloc.fragment.xml": 1728034307566,
  "fragment/CreateSpecials.fragment.xml": 1728291146223,
  "fragment/CreateServiceTicket.fragment.xml": 1728375623628,
  "fragment/CreateChildFloc.fragment.xml": 1727955163688,
  "fragment/ColumnFilters.fragment.xml": 1727688337679,
  "css/style.css": 1728037025719,
  "index.html": 1727688337679
}