{
  "controller/CustomerDetails-dbg.controller.js": 1727782917394,
  "utils/Formatter.js": 1727688337679,
  "model/models.js": 1727688337679,
  "controller/SearchCustomer.controller.js": 1727688337679,
  "controller/CustomerSpecials.controller.js": 1727812687143,
  "controller/CustomerDetails.controller.js": 1727782917394,
  "controller/App.controller.js": 1727688337675,
  "manifest.json": 1727812746079,
  "Component.js": 1727688337675,
  "controller/App-dbg.controller.js": 1727688337675,
  "controller/App.controller.js.map": 1727812746270,
  "model/models-dbg.js": 1727688337679,
  "model/models.js.map": 1727812746256,
  "controller/SearchCustomer-dbg.controller.js": 1727688337679,
  "controller/SearchCustomer.controller.js.map": 1727812746461,
  "controller/CustomerSpecials-dbg.controller.js": 1727812687143,
  "controller/CustomerSpecials.controller.js.map": 1727812746365,
  "i18n/i18n.properties": 1727784598004,
  "controller/CustomerDetails.controller.js.map": 1727812746456,
  "utils/Formatter-dbg.js": 1727688337679,
  "utils/Formatter.js.map": 1727812746275,
  "Component-dbg.js": 1727688337675,
  "Component.js.map": 1727812746313,
  "Component-preload.js": 1727812746810,
  "Component-preload.js.map": 1727812746811,
  "view/SearchCustomer.view.xml": 1727688337679,
  "view/CustomerSpecials.view.xml": 1727688337679,
  "view/CustomerDetails.view.xml": 1727688337679,
  "view/App.view.xml": 1727688337679,
  "fragment/TableSort.fragment.xml": 1727780820187,
  "fragment/SearchCustomerTable.fragment.xml": 1727688337679,
  "fragment/SearchCustomerFilters.fragment.xml": 1727688337679,
  "fragment/DisplaySpecials.fragment.xml": 1727784741279,
  "fragment/DisplayChildFloc.fragment.xml": 1727781006036,
  "fragment/CreateSpecials.fragment.xml": 1727812626187,
  "fragment/CreateServiceTicket.fragment.xml": 1727688337679,
  "fragment/CreateChildFloc.fragment.xml": 1727775456860,
  "fragment/ColumnFilters.fragment.xml": 1727688337679,
  "css/style.css": 1727688337679,
  "index.html": 1727688337679
}