{
  "fragment/DisplayChildFloc.fragment.xml": 1727331215886,
  "model/models.js": 1723317343525,
  "utils/Formatter.js": 1726218037100,
  "controller/SearchCustomer.controller.js": 1726221318114,
  "controller/CustomerSpecials.controller.js": 1727333327815,
  "controller/CustomerDetails.controller.js": 1727337621502,
  "controller/App.controller.js": 1723317343529,
  "manifest.json": 1727364791166,
  "Component.js": 1725977475227,
  "Component-dbg.js": 1725977475227,
  "Component.js.map": 1727364791407,
  "utils/Formatter-dbg.js": 1726218037100,
  "utils/Formatter.js.map": 1727364791385,
  "controller/SearchCustomer-dbg.controller.js": 1726221318114,
  "controller/SearchCustomer.controller.js.map": 1727364791607,
  "controller/CustomerSpecials-dbg.controller.js": 1727333327815,
  "controller/CustomerSpecials.controller.js.map": 1727364791506,
  "controller/CustomerDetails-dbg.controller.js": 1727337621502,
  "controller/CustomerDetails.controller.js.map": 1727364791612,
  "controller/App-dbg.controller.js": 1723317343529,
  "controller/App.controller.js.map": 1727364791409,
  "model/models-dbg.js": 1723317343525,
  "model/models.js.map": 1727364791412,
  "Component-preload.js": 1727364791836,
  "Component-preload.js.map": 1727364791837,
  "view/SearchCustomer.view.xml": 1726058810468,
  "view/CustomerSpecials.view.xml": 1727260800985,
  "view/CustomerDetails.view.xml": 1726757758540,
  "view/App.view.xml": 1723317343529,
  "fragment/TableSort.fragment.xml": 1725263013785,
  "fragment/SearchCustomerTable.fragment.xml": 1726498872513,
  "fragment/SearchCustomerFilters.fragment.xml": 1726741611151,
  "fragment/DisplaySpecials.fragment.xml": 1727331280546,
  "i18n/i18n.properties": 1727260849598,
  "fragment/CreateSpecials.fragment.xml": 1727331111524,
  "fragment/CreateServiceTicket.fragment.xml": 1726746968053,
  "fragment/CreateChildFloc.fragment.xml": 1727094593503,
  "fragment/ColumnFilters.fragment.xml": 1727080763081,
  "css/style.css": 1726581254360,
  "index.html": 1726215148176
}