{
  "controller/CustomerDetails.controller.js": 1727437307720,
  "controller/SearchCustomer.controller.js": 1727431447602,
  "model/models.js": 1723317343525,
  "utils/Formatter.js": 1726218037100,
  "controller/CustomerSpecials.controller.js": 1727431545827,
  "i18n/i18n.properties": 1727260849598,
  "controller/App.controller.js": 1723317343529,
  "manifest.json": 1727438785499,
  "Component.js": 1725977475227,
  "model/models-dbg.js": 1723317343525,
  "model/models.js.map": 1727438785661,
  "controller/SearchCustomer-dbg.controller.js": 1727431447602,
  "controller/SearchCustomer.controller.js.map": 1727438785857,
  "utils/Formatter-dbg.js": 1726218037100,
  "utils/Formatter.js.map": 1727438785659,
  "controller/CustomerSpecials-dbg.controller.js": 1727431545827,
  "controller/CustomerSpecials.controller.js.map": 1727438785818,
  "controller/CustomerDetails-dbg.controller.js": 1727437307720,
  "controller/CustomerDetails.controller.js.map": 1727438785924,
  "controller/App-dbg.controller.js": 1723317343529,
  "controller/App.controller.js.map": 1727438785664,
  "Component-dbg.js": 1725977475227,
  "Component.js.map": 1727438785719,
  "Component-preload.js": 1727438786123,
  "Component-preload.js.map": 1727438786123,
  "view/SearchCustomer.view.xml": 1727431800869,
  "view/CustomerSpecials.view.xml": 1727438738126,
  "view/CustomerDetails.view.xml": 1727434928307,
  "view/App.view.xml": 1723317343529,
  "css/style.css": 1726581254360,
  "fragment/TableSort.fragment.xml": 1725263013785,
  "fragment/SearchCustomerTable.fragment.xml": 1726498872513,
  "fragment/SearchCustomerFilters.fragment.xml": 1726741611151,
  "fragment/DisplaySpecials.fragment.xml": 1727331280546,
  "fragment/DisplayChildFloc.fragment.xml": 1727331215886,
  "fragment/CreateSpecials.fragment.xml": 1727331111524,
  "fragment/CreateServiceTicket.fragment.xml": 1726746968053,
  "fragment/CreateChildFloc.fragment.xml": 1727094593503,
  "fragment/ColumnFilters.fragment.xml": 1727080763081,
  "index.html": 1726215148176
}