{
  "fragment/CreateSpecials.fragment.xml": 1724921411296,
  "controller/CustomerDetails.controller.js": 1725481444053,
  "model/models.js": 1723317343525,
  "controller/SearchCustomer.controller.js": 1725367945663,
  "controller/CustomerSpecials.controller.js": 1725283048792,
  "utils/Formatter.js": 1724308591830,
  "controller/App.controller.js": 1723317343529,
  "manifest.json": 1725483056472,
  "Component.js": 1725481435597,
  "utils/Formatter-dbg.js": 1724308591830,
  "utils/Formatter.js.map": 1725483056674,
  "model/models-dbg.js": 1723317343525,
  "model/models.js.map": 1725483056674,
  "controller/SearchCustomer-dbg.controller.js": 1725367945663,
  "controller/SearchCustomer.controller.js.map": 1725483056816,
  "controller/CustomerSpecials-dbg.controller.js": 1725283048792,
  "controller/CustomerSpecials.controller.js.map": 1725483056708,
  "controller/CustomerDetails-dbg.controller.js": 1725481444053,
  "controller/CustomerDetails.controller.js.map": 1725483056804,
  "controller/App-dbg.controller.js": 1723317343529,
  "controller/App.controller.js.map": 1725483056677,
  "Component-dbg.js": 1725481435597,
  "Component.js.map": 1725483056686,
  "Component-preload.js": 1725483057054,
  "Component-preload.js.map": 1725483057054,
  "view/SearchCustomer.view.xml": 1725361671861,
  "view/CustomerSpecials.view.xml": 1725219950109,
  "view/CustomerDetails.view.xml": 1725363695398,
  "view/App.view.xml": 1723317343529,
  "fragment/TableSort.fragment.xml": 1725263013785,
  "fragment/DisplaySpecials.fragment.xml": 1724922606998,
  "fragment/DisplayChildFloc.fragment.xml": 1725370461664,
  "i18n/i18n.properties": 1725358827636,
  "fragment/CreateServiceTicket.fragmentcopy.xml": 1724849300442,
  "fragment/CreateServiceTicket.fragment.xml": 1724936288883,
  "fragment/CreateChildFloc.fragment.xml": 1725482778518,
  "fragment/ColumnFilters.fragment.xml": 1725262374656,
  "css/style.css": 1724936277023,
  "index.html": 1724350066889
}