{
  "fragment/CreateSpecials.fragment.xml": 1727686292308,
  "controller/CustomerDetails.controller.js": 1727687251712,
  "utils/Formatter.js": 1726218037100,
  "controller/SearchCustomer.controller.js": 1727431447602,
  "controller/CustomerSpecials.controller.js": 1727687297307,
  "model/models.js": 1723317343525,
  "controller/App.controller.js": 1723317343529,
  "manifest.json": 1727687811082,
  "Component.js": 1725977475227,
  "Component-dbg.js": 1725977475227,
  "Component.js.map": 1727687811250,
  "utils/Formatter-dbg.js": 1726218037100,
  "utils/Formatter.js.map": 1727687811281,
  "controller/SearchCustomer-dbg.controller.js": 1727431447602,
  "controller/SearchCustomer.controller.js.map": 1727687811392,
  "controller/CustomerSpecials-dbg.controller.js": 1727687297307,
  "controller/CustomerSpecials.controller.js.map": 1727687811347,
  "model/models-dbg.js": 1723317343525,
  "model/models.js.map": 1727687811255,
  "controller/App-dbg.controller.js": 1723317343529,
  "controller/App.controller.js.map": 1727687811257,
  "controller/CustomerDetails-dbg.controller.js": 1727687251712,
  "controller/CustomerDetails.controller.js.map": 1727687811470,
  "Component-preload.js": 1727687811671,
  "Component-preload.js.map": 1727687811671,
  "view/SearchCustomer.view.xml": 1727431800869,
  "view/CustomerSpecials.view.xml": 1727438738126,
  "view/CustomerDetails.view.xml": 1727434928307,
  "view/App.view.xml": 1723317343529,
  "fragment/TableSort.fragment.xml": 1725263013785,
  "fragment/SearchCustomerTable.fragment.xml": 1726498872513,
  "fragment/SearchCustomerFilters.fragment.xml": 1726741611151,
  "fragment/DisplaySpecials.fragment.xml": 1727678102273,
  "fragment/DisplayChildFloc.fragment.xml": 1727331215886,
  "i18n/i18n.properties": 1727679989224,
  "fragment/CreateServiceTicket.fragment.xml": 1727680863011,
  "fragment/CreateChildFloc.fragment.xml": 1727094593503,
  "fragment/ColumnFilters.fragment.xml": 1727080763081,
  "css/style.css": 1726581254360,
  "index.html": 1726215148176
}