{
  "fragment/DisplaySpecials.fragment.xml": 1728650793807,
  "controller/App.controller.js": 1727688337675,
  "model/models.js": 1727688337679,
  "controller/SearchCustomer.controller.js": 1728898998850,
  "controller/CustomerSpecials.controller.js": 1728897844764,
  "controller/CustomerSpecials.controller copy.js": 1728889333147,
  "controller/CustomerDetails.controller.js": 1728892150913,
  "utils/Formatter.js": 1727958328454,
  "manifest.json": 1728899494014,
  "Component.js": 1727688337675,
  "model/models-dbg.js": 1727688337679,
  "model/models.js.map": 1728899494216,
  "controller/App-dbg.controller.js": 1727688337675,
  "controller/App.controller.js.map": 1728899494211,
  "controller/SearchCustomer-dbg.controller.js": 1728898998850,
  "controller/SearchCustomer.controller.js.map": 1728899494480,
  "controller/CustomerSpecials-dbg.controller.js": 1728897844764,
  "controller/CustomerSpecials.controller.js.map": 1728899494462,
  "controller/CustomerSpecials.controller copy-dbg.js": 1728889333147,
  "controller/CustomerSpecials.controller copy.js.map": 1728899494398,
  "controller/CustomerDetails-dbg.controller.js": 1728892150913,
  "controller/CustomerDetails.controller.js.map": 1728899494514,
  "utils/Formatter-dbg.js": 1727958328454,
  "utils/Formatter.js.map": 1728899494463,
  "Component-dbg.js": 1727688337675,
  "Component.js.map": 1728899494473,
  "Component-preload.js": 1728899494848,
  "Component-preload.js.map": 1728899494848,
  "view/SearchCustomer.view.xml": 1727688337679,
  "view/CustomerSpecials.view.xml": 1727688337679,
  "view/CustomerDetails.view.xml": 1727986649135,
  "view/App.view.xml": 1727688337679,
  "fragment/TableSort.fragment.xml": 1728304676387,
  "fragment/SearchCustomerTable.fragment.xml": 1727688337679,
  "fragment/SearchCustomerFilters.fragment.xml": 1727954507078,
  "i18n/i18n.properties": 1728898971837,
  "fragment/DisplayChildFloc.fragment.xml": 1728034307566,
  "fragment/CreateSpecials.fragment.xml": 1728570570499,
  "fragment/CreateServiceTicket.fragment.xml": 1728891372731,
  "fragment/CreateChildFloc.fragment.xml": 1728892664530,
  "fragment/ColumnFilters.fragment.xml": 1727688337679,
  "css/style.css": 1728037025719,
  "index.html": 1727688337679
}