{
  "Component.js": 1727688337675,
  "controller/CustomerSpecials.controller.js": 1728050028871,
  "model/models.js": 1727688337679,
  "controller/SearchCustomer.controller.js": 1727688337679,
  "utils/Formatter.js": 1727958328454,
  "controller/CustomerDetails.controller.js": 1727986721575,
  "controller/App.controller.js": 1727688337675,
  "manifest.json": 1728050100891,
  "i18n/i18n.properties": 1728048509051,
  "utils/Formatter-dbg.js": 1727958328454,
  "utils/Formatter.js.map": 1728050101143,
  "model/models-dbg.js": 1727688337679,
  "model/models.js.map": 1728050101127,
  "controller/SearchCustomer-dbg.controller.js": 1727688337679,
  "controller/SearchCustomer.controller.js.map": 1728050101503,
  "controller/CustomerSpecials-dbg.controller.js": 1728050028871,
  "controller/CustomerSpecials.controller.js.map": 1728050101403,
  "controller/CustomerDetails-dbg.controller.js": 1727986721575,
  "controller/CustomerDetails.controller.js.map": 1728050101539,
  "controller/App-dbg.controller.js": 1727688337675,
  "controller/App.controller.js.map": 1728050101161,
  "Component-dbg.js": 1727688337675,
  "Component.js.map": 1728050101225,
  "Component-preload.js": 1728050101829,
  "Component-preload.js.map": 1728050101830,
  "view/SearchCustomer.view.xml": 1727688337679,
  "view/CustomerSpecials.view.xml": 1727688337679,
  "view/CustomerDetails.view.xml": 1727986649135,
  "view/App.view.xml": 1727688337679,
  "fragment/TableSort.fragment.xml": 1727780820187,
  "fragment/SearchCustomerTable.fragment.xml": 1727688337679,
  "fragment/SearchCustomerFilters.fragment.xml": 1727954507078,
  "fragment/DisplaySpecials.fragment.xml": 1728048518711,
  "fragment/DisplayChildFloc.fragment.xml": 1728034307566,
  "fragment/CreateSpecials.fragment.xml": 1728048888473,
  "fragment/CreateServiceTicket.fragment.xml": 1727688337679,
  "fragment/CreateChildFloc.fragment.xml": 1727955163688,
  "fragment/ColumnFilters.fragment.xml": 1727688337679,
  "css/style.css": 1728037025719,
  "index.html": 1727688337679
}