{
  "controller/CustomerSpecials.controller.js.map": 1728571587698,
  "Component.js": 1727688337675,
  "model/models.js": 1727688337679,
  "controller/SearchCustomer.controller.js": 1728560708943,
  "controller/CustomerSpecials.controller.js": 1728554449639,
  "controller/CustomerSpecials.controller copy.js": 1728570823977,
  "controller/CustomerDetails.controller.js": 1728571469603,
  "controller/App.controller.js": 1727688337675,
  "manifest.json": 1728571587354,
  "utils/Formatter.js": 1727958328454,
  "controller/SearchCustomer-dbg.controller.js": 1728560708943,
  "controller/SearchCustomer.controller.js.map": 1728571587827,
  "model/models-dbg.js": 1727688337679,
  "model/models.js.map": 1728571587526,
  "Component-dbg.js": 1727688337675,
  "Component.js.map": 1728571587587,
  "controller/CustomerSpecials-dbg.controller.js": 1728554449639,
  "i18n/i18n.properties": 1728048509051,
  "controller/CustomerSpecials.controller copy-dbg.js": 1728570823977,
  "controller/CustomerSpecials.controller copy.js.map": 1728571587718,
  "controller/CustomerDetails-dbg.controller.js": 1728571469603,
  "controller/CustomerDetails.controller.js.map": 1728571587886,
  "controller/App-dbg.controller.js": 1727688337675,
  "controller/App.controller.js.map": 1728571587700,
  "utils/Formatter-dbg.js": 1727958328454,
  "utils/Formatter.js.map": 1728571587704,
  "Component-preload.js": 1728571588195,
  "Component-preload.js.map": 1728571588195,
  "view/SearchCustomer.view.xml": 1727688337679,
  "view/CustomerSpecials.view.xml": 1727688337679,
  "view/CustomerDetails.view.xml": 1727986649135,
  "view/App.view.xml": 1727688337679,
  "fragment/TableSort.fragment.xml": 1728304676387,
  "fragment/SearchCustomerTable.fragment.xml": 1727688337679,
  "fragment/SearchCustomerFilters.fragment.xml": 1727954507078,
  "fragment/DisplaySpecials.fragment.xml": 1728546168970,
  "fragment/DisplayChildFloc.fragment.xml": 1728034307566,
  "fragment/CreateSpecials.fragment.xml": 1728570570499,
  "fragment/CreateServiceTicket.fragment.xml": 1728375623628,
  "fragment/CreateChildFloc.fragment.xml": 1727955163688,
  "fragment/ColumnFilters.fragment.xml": 1727688337679,
  "css/style.css": 1728037025719,
  "index.html": 1727688337679
}