{
  "css/style.css": 1728037025719,
  "utils/Formatter.js": 1727958328454,
  "model/models.js": 1727688337679,
  "controller/SearchCustomer.controller.js": 1729248883864,
  "controller/CustomerSpecials.controller.js": 1729182732300,
  "controller/CustomerDetails.controller.js": 1728892150913,
  "controller/App.controller.js": 1727688337675,
  "manifest.json": 1729249089595,
  "Component.js": 1727688337675,
  "controller/SearchCustomer-dbg.controller.js": 1729248883864,
  "controller/SearchCustomer.controller.js.map": 1729249090031,
  "model/models-dbg.js": 1727688337679,
  "model/models.js.map": 1729249089787,
  "utils/Formatter-dbg.js": 1727958328454,
  "utils/Formatter.js.map": 1729249089821,
  "controller/CustomerSpecials-dbg.controller.js": 1729182732300,
  "controller/CustomerSpecials.controller.js.map": 1729249089984,
  "controller/CustomerDetails-dbg.controller.js": 1728892150913,
  "controller/CustomerDetails.controller.js.map": 1729249090105,
  "controller/App-dbg.controller.js": 1727688337675,
  "controller/App.controller.js.map": 1729249089824,
  "Component-dbg.js": 1727688337675,
  "Component.js.map": 1729249089891,
  "Component-preload.js": 1729249090376,
  "Component-preload.js.map": 1729249090376,
  "view/SearchCustomer.view.xml": 1727688337679,
  "view/CustomerSpecials.view.xml": 1727688337679,
  "view/CustomerDetails.view.xml": 1727986649135,
  "view/App.view.xml": 1727688337679,
  "fragment/TableSort.fragment.xml": 1728304676387,
  "fragment/SearchCustomerTable.fragment.xml": 1727688337679,
  "fragment/SearchCustomerFilters.fragment.xml": 1727954507078,
  "fragment/DisplaySpecials.fragment.xml": 1729088084601,
  "fragment/DisplayChildFloc.fragment.xml": 1728034307566,
  "fragment/CreateSpecials.fragment.xml": 1729172192262,
  "fragment/CreateServiceTicket.fragment.xml": 1728891372731,
  "fragment/CreateChildFloc.fragment.xml": 1728892664530,
  "fragment/ColumnFilters.fragment.xml": 1727688337679,
  "i18n/i18n.properties": 1729248992279,
  "index.html": 1727688337679
}