{
  "model/models-dbg.js": 1723317343525,
  "controller/CustomerSpecials.controller.js": 1724960455751,
  "model/models.js": 1723317343525,
  "controller/SearchCustomer.controller.js": 1724959113383,
  "utils/Formatter.js": 1724308591830,
  "controller/CustomerDetails.controller.js": 1724956345220,
  "controller/App.controller.js": 1723317343529,
  "manifest.json": 1724960499558,
  "Component.js": 1724770016518,
  "controller/CustomerDetails-dbg.controller.js": 1724956345220,
  "controller/CustomerDetails.controller.js.map": 1724960499897,
  "i18n/i18n.properties": 1724923485039,
  "model/models.js.map": 1724960499753,
  "controller/SearchCustomer-dbg.controller.js": 1724959113383,
  "controller/SearchCustomer.controller.js.map": 1724960499861,
  "utils/Formatter-dbg.js": 1724308591830,
  "utils/Formatter.js.map": 1724960499746,
  "controller/CustomerSpecials-dbg.controller.js": 1724960455751,
  "controller/CustomerSpecials.controller.js.map": 1724960499812,
  "controller/App-dbg.controller.js": 1723317343529,
  "controller/App.controller.js.map": 1724960499756,
  "Component-dbg.js": 1724770016518,
  "Component.js.map": 1724960499797,
  "Component-preload.js": 1724960500097,
  "Component-preload.js.map": 1724960500097,
  "view/SearchCustomer.view.xml": 1724308630758,
  "view/CustomerSpecials.view.xml": 1724960029560,
  "view/CustomerDetails.view.xml": 1724953955210,
  "view/App.view.xml": 1723317343529,
  "fragment/Test.fragment.xml": 1724314943054,
  "fragment/TableSort.fragment.xml": 1724314911959,
  "fragment/DisplaySpecials.fragment.xml": 1724922606998,
  "fragment/DisplayChildFloc.fragment.xml": 1724857736262,
  "fragment/CreateSpecials.fragment.xml": 1724921411296,
  "fragment/CreateServiceTicket.fragmentcopy.xml": 1724849300442,
  "fragment/CreateServiceTicket.fragment.xml": 1724936288883,
  "fragment/CreateChildFloc.fragment.xml": 1724857598386,
  "fragment/ColumnFilters.fragment.xml": 1724856400797,
  "css/style.css": 1724936277023,
  "index.html": 1724350066889
}