{
  "fragment/CreateChildFloc.fragment.xml": 1726584396251,
  "controller/CustomerDetails.controller.js": 1726563452054,
  "model/models.js": 1723317343525,
  "controller/SearchCustomer.controller.js": 1726221318114,
  "controller/CustomerSpecials.controller.js": 1726156402065,
  "utils/Formatter.js": 1726218037100,
  "controller/App.controller.js": 1723317343529,
  "manifest.json": 1726597265251,
  "Component.js": 1725977475227,
  "Component-dbg.js": 1725977475227,
  "Component.js.map": 1726597265552,
  "model/models-dbg.js": 1723317343525,
  "model/models.js.map": 1726597265509,
  "controller/SearchCustomer-dbg.controller.js": 1726221318114,
  "controller/SearchCustomer.controller.js.map": 1726597265700,
  "controller/CustomerSpecials-dbg.controller.js": 1726156402065,
  "controller/CustomerSpecials.controller.js.map": 1726597265600,
  "utils/Formatter-dbg.js": 1726218037100,
  "utils/Formatter.js.map": 1726597265531,
  "controller/App-dbg.controller.js": 1723317343529,
  "controller/App.controller.js.map": 1726597265535,
  "controller/CustomerDetails-dbg.controller.js": 1726563452054,
  "controller/CustomerDetails.controller.js.map": 1726597265740,
  "Component-preload.js": 1726597265987,
  "Component-preload.js.map": 1726597265988,
  "view/SearchCustomer.view.xml": 1726058810468,
  "view/CustomerSpecials.view.xml": 1725219950109,
  "view/CustomerDetails.view.xml": 1726477590688,
  "view/App.view.xml": 1723317343529,
  "fragment/TableSort.fragment.xml": 1725263013785,
  "fragment/SearchCustomerTable.fragment.xml": 1726498872513,
  "fragment/SearchCustomerFilters.fragment.xml": 1726057539403,
  "fragment/DisplaySpecials.fragment.xml": 1726582351923,
  "fragment/DisplayChildFloc.fragment.xml": 1726584453384,
  "fragment/CreateSpecials.fragment.xml": 1726582374167,
  "fragment/CreateServiceTicket.fragment.xml": 1726576825547,
  "i18n/i18n.properties": 1726584344743,
  "fragment/ColumnFilters.fragment.xml": 1725262374656,
  "css/style.css": 1726581254360,
  "index.html": 1726215148176
}