{
  "model/models.js": 1723317343525,
  "Component.js": 1725977475227,
  "i18n/i18n.properties": 1726669240916,
  "controller/SearchCustomer.controller.js": 1726221318114,
  "controller/CustomerSpecials.controller.js": 1726730075007,
  "controller/CustomerDetails.controller.js": 1726745647514,
  "controller/App.controller.js": 1723317343529,
  "manifest.json": 1726748003232,
  "utils/Formatter.js": 1726218037100,
  "controller/CustomerDetails-dbg.controller.js": 1726745647514,
  "controller/CustomerDetails.controller.js.map": 1726748003632,
  "model/models-dbg.js": 1723317343525,
  "model/models.js.map": 1726748003432,
  "controller/SearchCustomer-dbg.controller.js": 1726221318114,
  "controller/SearchCustomer.controller.js.map": 1726748003532,
  "controller/CustomerSpecials-dbg.controller.js": 1726730075007,
  "controller/CustomerSpecials.controller.js.map": 1726748003509,
  "Component-dbg.js": 1725977475227,
  "Component.js.map": 1726748003493,
  "controller/App-dbg.controller.js": 1723317343529,
  "controller/App.controller.js.map": 1726748003496,
  "utils/Formatter-dbg.js": 1726218037100,
  "utils/Formatter.js.map": 1726748003501,
  "Component-preload.js": 1726748003935,
  "Component-preload.js.map": 1726748003935,
  "view/SearchCustomer.view.xml": 1726058810468,
  "view/CustomerSpecials.view.xml": 1726729917235,
  "view/CustomerDetails.view.xml": 1726477590688,
  "view/App.view.xml": 1723317343529,
  "fragment/TableSort.fragment.xml": 1725263013785,
  "fragment/SearchCustomerTable.fragment.xml": 1726498872513,
  "fragment/SearchCustomerFilters.fragment.xml": 1726741611151,
  "fragment/DisplaySpecials.fragment.xml": 1726738438203,
  "fragment/DisplayChildFloc.fragment.xml": 1726584453384,
  "fragment/CreateSpecials.fragment.xml": 1726738184096,
  "fragment/CreateServiceTicket.fragment.xml": 1726746968053,
  "fragment/CreateChildFloc.fragment.xml": 1726742151259,
  "fragment/ColumnFilters.fragment.xml": 1725262374656,
  "css/style.css": 1726581254360,
  "index.html": 1726215148176
}