{
  "controller/SearchCustomer-dbg.controller.js": 1723311922962,
  "model/models.js": 1723199334043,
  "controller/SearchCustomer.controller.js": 1723311922962,
  "controller/App.controller.js": 1723199334047,
  "manifest.json": 1724960495855,
  "Component.js": 1723199334039,
  "model/models-dbg.js": 1723199334043,
  "model/models.js.map": 1724960496035,
  "i18n/i18n.properties": 1723199393192,
  "controller/SearchCustomer.controller.js.map": 1724960496040,
  "controller/App-dbg.controller.js": 1723199334047,
  "controller/App.controller.js.map": 1724960496027,
  "Component-dbg.js": 1723199334039,
  "Component.js.map": 1724960496030,
  "Component-preload.js": 1724960496128,
  "Component-preload.js.map": 1724960496128,
  "view/SearchCustomer.view.xml": 1723308200321,
  "view/App.view.xml": 1723199334051,
  "css/style.css": 1723199334051,
  "index.html": 1723199334039
}