{
  "css/style.css": 1724311673693,
  "controller/App.controller.js": 1724311673693,
  "controller/View1.controller.js": 1724311673697,
  "model/models.js": 1724311673685,
  "manifest.json": 1724312688282,
  "Component.js": 1724311673613,
  "Component-dbg.js": 1724311673613,
  "Component.js.map": 1724312688484,
  "controller/View1-dbg.controller.js": 1724311673697,
  "controller/View1.controller.js.map": 1724312688483,
  "model/models-dbg.js": 1724311673685,
  "model/models.js.map": 1724312688483,
  "controller/App-dbg.controller.js": 1724311673693,
  "controller/App.controller.js.map": 1724312688488,
  "Component-preload.js": 1724312688588,
  "Component-preload.js.map": 1724312688588,
  "view/View1.view.xml": 1724311673697,
  "view/App.view.xml": 1724311673697,
  "i18n/i18n.properties": 1724311673621,
  "index.html": 1724311673613
}